-- phpMyAdmin SQL Dump
-- version 5.2.0
-- https://www.phpmyadmin.net/
--
-- Host: localhost
-- Generation Time: Oct 27, 2022 at 05:45 AM
-- Server version: 10.5.17-MariaDB
-- PHP Version: 7.4.32

SET SQL_MODE = "NO_AUTO_VALUE_ON_ZERO";
START TRANSACTION;
SET time_zone = "+00:00";


/*!40101 SET @OLD_CHARACTER_SET_CLIENT=@@CHARACTER_SET_CLIENT */;
/*!40101 SET @OLD_CHARACTER_SET_RESULTS=@@CHARACTER_SET_RESULTS */;
/*!40101 SET @OLD_COLLATION_CONNECTION=@@COLLATION_CONNECTION */;
/*!40101 SET NAMES utf8mb4 */;

--
-- Database: `relaxlik_meloned`
--

-- --------------------------------------------------------

--
-- Table structure for table `farmer`
--

CREATE TABLE `farmer` (
  `farmer_ID` int(11) NOT NULL,
  `username` char(30) COLLATE utf8_unicode_ci NOT NULL,
  `password` char(25) COLLATE utf8_unicode_ci NOT NULL,
  `user_type` char(8) COLLATE utf8_unicode_ci NOT NULL,
  `img` char(255) COLLATE utf8_unicode_ci NOT NULL
) ENGINE=MyISAM DEFAULT CHARSET=utf8 COLLATE=utf8_unicode_ci;

--
-- Dumping data for table `farmer`
--

INSERT INTO `farmer` (`farmer_ID`, `username`, `password`, `user_type`, `img`) VALUES
(1, 'BoyAAAAAA', '1234567', '', ''),
(2, 'errorxpcw', '123456', '', ''),
(18, 'superadmin', '1234567', '', '');

-- --------------------------------------------------------

--
-- Table structure for table `fertilize`
--

CREATE TABLE `fertilize` (
  `fert_ID` int(11) NOT NULL,
  `fert_name` varchar(50) NOT NULL,
  `unit` varchar(20) NOT NULL
) ENGINE=InnoDB DEFAULT CHARSET=utf8mb4;

--
-- Dumping data for table `fertilize`
--

INSERT INTO `fertilize` (`fert_ID`, `fert_name`, `unit`) VALUES
(1, 'อัลฟา', 'cc'),
(2, 'ไฮโดรเมลอน A B', 'cc'),
(3, 'แคลเอ็ม', 'cc'),
(4, 'แกมมา', 'cc'),
(5, 'โอเมกา', 'cc');

-- --------------------------------------------------------

--
-- Table structure for table `fertilizing`
--

CREATE TABLE `fertilizing` (
  `ferting_ID` int(11) NOT NULL,
  `ferting_date` date NOT NULL DEFAULT current_timestamp(),
  `ferting_time` time NOT NULL DEFAULT current_timestamp(),
  `ferting_amount` int(11) NOT NULL,
  `fert_ID` int(11) NOT NULL,
  `period_ID` int(11) NOT NULL
) ENGINE=InnoDB DEFAULT CHARSET=utf8mb4;

--
-- Dumping data for table `fertilizing`
--

INSERT INTO `fertilizing` (`ferting_ID`, `ferting_date`, `ferting_time`, `ferting_amount`, `fert_ID`, `period_ID`) VALUES
(1, '2022-07-01', '08:30:00', 50, 1, 2),
(2, '2022-07-01', '08:30:00', 50, 2, 2),
(3, '2022-07-01', '10:30:00', 50, 1, 2),
(4, '2022-07-01', '10:30:00', 50, 2, 2),
(5, '2022-07-01', '12:30:00', 50, 1, 2),
(6, '2022-07-01', '12:30:00', 50, 2, 2),
(7, '2022-07-01', '14:30:00', 50, 1, 2),
(8, '2022-07-01', '14:30:00', 50, 2, 2),
(9, '2022-07-01', '16:30:00', 50, 1, 2),
(10, '2022-07-01', '16:30:00', 50, 2, 2),
(11, '2022-07-02', '08:30:00', 50, 1, 2),
(12, '2022-07-02', '08:30:00', 50, 2, 2),
(13, '2022-07-02', '10:30:00', 50, 1, 2),
(14, '2022-07-02', '10:30:00', 50, 2, 2),
(15, '2022-07-02', '12:30:00', 50, 1, 2),
(16, '2022-07-02', '12:30:00', 50, 2, 2),
(17, '2022-07-02', '14:30:00', 50, 1, 2),
(18, '2022-07-02', '14:30:00', 50, 2, 2),
(19, '2022-07-02', '16:30:00', 50, 1, 2),
(20, '2022-07-02', '16:30:00', 50, 2, 2),
(21, '2022-07-03', '08:30:00', 50, 1, 2),
(22, '2022-07-03', '08:30:00', 50, 2, 2),
(23, '2022-07-03', '10:30:00', 50, 1, 2),
(24, '2022-07-03', '10:30:00', 50, 2, 2),
(25, '2022-07-03', '12:30:00', 50, 1, 2),
(26, '2022-07-03', '12:30:00', 50, 2, 2),
(27, '2022-07-03', '14:30:00', 50, 1, 2),
(28, '2022-07-03', '14:30:00', 50, 2, 2),
(29, '2022-07-03', '16:30:00', 50, 1, 2),
(30, '2022-07-03', '16:30:00', 50, 2, 2),
(31, '2022-07-04', '08:30:00', 50, 1, 2),
(32, '2022-07-03', '08:30:00', 50, 2, 2),
(33, '2022-07-03', '10:30:00', 50, 1, 2),
(34, '2022-07-03', '10:30:00', 50, 2, 2),
(35, '2022-07-03', '12:30:00', 50, 1, 2),
(36, '2022-07-03', '12:30:00', 50, 2, 2),
(37, '2022-07-03', '14:30:00', 50, 1, 2),
(38, '2022-07-03', '14:30:00', 50, 2, 2),
(39, '2022-07-03', '16:30:00', 50, 1, 2),
(40, '2022-07-03', '16:30:00', 50, 2, 2),
(41, '2022-07-04', '08:30:00', 50, 1, 2),
(42, '2022-07-04', '08:30:00', 50, 2, 2),
(43, '2022-07-04', '10:30:00', 50, 1, 2),
(44, '2022-07-04', '10:30:00', 50, 2, 2),
(45, '2022-07-04', '12:30:00', 50, 1, 2),
(46, '2022-07-04', '12:30:00', 50, 2, 2),
(47, '2022-07-04', '14:30:00', 50, 1, 2),
(48, '2022-07-04', '14:30:00', 50, 2, 2),
(49, '2022-07-04', '16:30:00', 50, 1, 2),
(50, '2022-07-04', '16:30:00', 50, 2, 2),
(51, '2022-07-05', '08:30:00', 50, 1, 2),
(52, '2022-07-05', '08:30:00', 50, 2, 2),
(53, '2022-07-05', '10:30:00', 50, 1, 2),
(54, '2022-07-05', '10:30:00', 50, 2, 2),
(55, '2022-07-05', '12:30:00', 50, 1, 2),
(56, '2022-07-05', '12:30:00', 50, 2, 2),
(57, '2022-07-05', '14:30:00', 50, 1, 2),
(58, '2022-07-05', '14:30:00', 50, 2, 2),
(59, '2022-07-05', '16:30:00', 50, 1, 2),
(60, '2022-07-05', '16:30:00', 50, 2, 2),
(61, '2022-07-06', '08:30:00', 50, 1, 2),
(62, '2022-07-06', '08:30:00', 50, 2, 2),
(63, '2022-07-06', '10:30:00', 50, 1, 2),
(64, '2022-07-06', '10:30:00', 50, 2, 2),
(65, '2022-07-06', '12:30:00', 50, 1, 2),
(66, '2022-07-06', '12:30:00', 50, 2, 2),
(67, '2022-07-06', '14:30:00', 50, 1, 2),
(68, '2022-07-06', '14:30:00', 50, 2, 2),
(69, '2022-07-06', '16:30:00', 50, 1, 2),
(70, '2022-07-06', '16:30:00', 50, 2, 2),
(71, '2022-07-07', '08:30:00', 50, 1, 2),
(72, '2022-07-07', '08:30:00', 50, 2, 2),
(73, '2022-07-07', '10:30:00', 50, 1, 2),
(74, '2022-07-07', '10:30:00', 50, 2, 2),
(75, '2022-07-07', '12:30:00', 50, 1, 2),
(76, '2022-07-07', '12:30:00', 50, 2, 2),
(77, '2022-07-07', '14:30:00', 50, 1, 2),
(78, '2022-07-07', '14:30:00', 50, 2, 2),
(79, '2022-07-07', '16:30:00', 50, 1, 2),
(80, '2022-07-07', '16:30:00', 50, 2, 2),
(81, '2022-07-08', '08:30:00', 100, 1, 2),
(82, '2022-07-08', '08:30:00', 80, 2, 2),
(83, '2022-07-08', '10:30:00', 100, 1, 2),
(84, '2022-07-08', '10:30:00', 80, 2, 2),
(85, '2022-07-08', '12:30:00', 100, 1, 2),
(86, '2022-07-08', '12:30:00', 80, 2, 2),
(87, '2022-07-08', '14:30:00', 100, 1, 2),
(88, '2022-07-08', '14:30:00', 80, 2, 2),
(89, '2022-07-08', '16:30:00', 100, 1, 2),
(90, '2022-07-08', '16:30:00', 80, 2, 2),
(91, '2022-07-09', '08:30:00', 100, 1, 2),
(92, '2022-07-09', '08:30:00', 80, 2, 2),
(93, '2022-07-09', '10:30:00', 100, 1, 2),
(94, '2022-07-09', '10:30:00', 80, 2, 2),
(95, '2022-07-09', '12:30:00', 100, 1, 2),
(96, '2022-07-09', '12:30:00', 80, 2, 2),
(97, '2022-07-09', '14:30:00', 100, 1, 2),
(98, '2022-07-09', '14:30:00', 80, 2, 2),
(99, '2022-07-09', '16:30:00', 100, 1, 2),
(100, '2022-07-09', '16:30:00', 80, 2, 2),
(101, '2022-07-10', '08:30:00', 100, 1, 2),
(102, '2022-07-10', '08:30:00', 80, 2, 2),
(103, '2022-07-10', '10:30:00', 100, 1, 2),
(104, '2022-07-10', '10:30:00', 80, 2, 2),
(105, '2022-07-10', '12:30:00', 100, 1, 2),
(106, '2022-07-10', '12:30:00', 80, 2, 2),
(107, '2022-07-10', '14:30:00', 100, 1, 2),
(108, '2022-07-10', '14:30:00', 80, 2, 2),
(109, '2022-07-10', '16:30:00', 100, 1, 2),
(110, '2022-07-10', '16:30:00', 80, 2, 2),
(111, '2022-07-11', '08:30:00', 100, 1, 2),
(112, '2022-07-11', '08:30:00', 80, 2, 2),
(113, '2022-07-11', '10:30:00', 100, 1, 2),
(114, '2022-07-11', '10:30:00', 80, 2, 2),
(115, '2022-07-11', '12:30:00', 100, 1, 2),
(116, '2022-07-11', '12:30:00', 80, 2, 2),
(117, '2022-07-11', '14:30:00', 100, 1, 2),
(118, '2022-07-11', '14:30:00', 80, 2, 2),
(119, '2022-07-11', '16:30:00', 100, 1, 2),
(120, '2022-07-11', '16:30:00', 80, 2, 2),
(121, '2022-07-12', '08:30:00', 100, 1, 2),
(122, '2022-07-12', '08:30:00', 80, 2, 2),
(123, '2022-07-12', '10:30:00', 100, 1, 2),
(124, '2022-07-12', '10:30:00', 80, 2, 2),
(125, '2022-07-12', '12:30:00', 100, 1, 2),
(126, '2022-07-12', '12:30:00', 80, 2, 2),
(127, '2022-07-12', '14:30:00', 100, 1, 2),
(128, '2022-07-12', '14:30:00', 80, 2, 2),
(129, '2022-07-12', '16:30:00', 100, 1, 2),
(130, '2022-07-12', '16:30:00', 80, 2, 2),
(131, '2022-07-13', '08:30:00', 150, 1, 2),
(132, '2022-07-13', '08:30:00', 100, 2, 2),
(133, '2022-07-13', '08:30:00', 50, 4, 2),
(134, '2022-07-13', '10:30:00', 150, 1, 2),
(135, '2022-07-13', '10:30:00', 100, 2, 2),
(136, '2022-07-13', '10:30:00', 50, 4, 2),
(137, '2022-07-13', '12:30:00', 150, 1, 2),
(138, '2022-07-13', '12:30:00', 100, 2, 2),
(139, '2022-07-13', '12:30:00', 50, 4, 2),
(140, '2022-07-13', '14:30:00', 150, 1, 2),
(141, '2022-07-13', '14:30:00', 100, 2, 2),
(142, '2022-07-13', '14:30:00', 50, 4, 2),
(143, '2022-07-13', '16:30:00', 150, 1, 2),
(144, '2022-07-13', '16:30:00', 100, 2, 2),
(145, '2022-07-13', '16:30:00', 50, 4, 2),
(146, '2022-07-14', '08:30:00', 150, 1, 2),
(147, '2022-07-14', '08:30:00', 100, 2, 2),
(148, '2022-07-14', '08:30:00', 50, 4, 2),
(149, '2022-07-14', '10:30:00', 150, 1, 2),
(150, '2022-07-14', '10:30:00', 100, 2, 2),
(151, '2022-07-14', '10:30:00', 50, 4, 2),
(152, '2022-07-14', '12:30:00', 150, 1, 2),
(153, '2022-07-14', '12:30:00', 100, 2, 2),
(154, '2022-07-14', '12:30:00', 50, 4, 2),
(155, '2022-07-14', '14:30:00', 150, 1, 2),
(156, '2022-07-14', '14:30:00', 100, 2, 2),
(157, '2022-07-14', '14:30:00', 50, 4, 2),
(158, '2022-07-14', '16:30:00', 150, 1, 2),
(159, '2022-07-14', '16:30:00', 100, 2, 2),
(160, '2022-07-14', '16:30:00', 50, 4, 2),
(161, '2022-07-15', '08:30:00', 150, 1, 2),
(162, '2022-07-15', '08:30:00', 100, 2, 2),
(163, '2022-07-15', '08:30:00', 50, 4, 2),
(164, '2022-07-15', '10:30:00', 150, 1, 2),
(165, '2022-07-15', '10:30:00', 100, 2, 2),
(166, '2022-07-15', '10:30:00', 50, 4, 2),
(167, '2022-07-15', '12:30:00', 150, 1, 2),
(168, '2022-07-15', '12:30:00', 100, 2, 2),
(169, '2022-07-15', '12:30:00', 50, 4, 2),
(170, '2022-07-15', '14:30:00', 150, 1, 2),
(171, '2022-07-15', '14:30:00', 100, 2, 2),
(172, '2022-07-15', '14:30:00', 50, 4, 2),
(173, '2022-07-15', '16:30:00', 150, 1, 2),
(174, '2022-07-15', '16:30:00', 100, 2, 2),
(175, '2022-07-15', '16:30:00', 50, 4, 2),
(176, '2022-07-16', '08:30:00', 150, 1, 2),
(177, '2022-07-16', '08:30:00', 100, 2, 2),
(178, '2022-07-16', '08:30:00', 50, 4, 2),
(179, '2022-07-16', '10:30:00', 150, 1, 2),
(180, '2022-07-16', '10:30:00', 100, 2, 2),
(181, '2022-07-16', '10:30:00', 50, 4, 2),
(182, '2022-07-16', '12:30:00', 150, 1, 2),
(183, '2022-07-16', '12:30:00', 100, 2, 2),
(184, '2022-07-16', '12:30:00', 50, 4, 2),
(185, '2022-07-16', '14:30:00', 150, 1, 2),
(186, '2022-07-16', '14:30:00', 100, 2, 2),
(187, '2022-07-16', '14:30:00', 50, 4, 2),
(188, '2022-07-16', '16:30:00', 150, 1, 2),
(189, '2022-07-16', '16:30:00', 100, 2, 2),
(190, '2022-07-16', '16:30:00', 50, 4, 2),
(191, '2022-07-17', '08:30:00', 150, 1, 2),
(192, '2022-07-17', '08:30:00', 100, 2, 2),
(193, '2022-07-17', '08:30:00', 50, 4, 2),
(194, '2022-07-17', '10:30:00', 150, 1, 2),
(195, '2022-07-17', '10:30:00', 100, 2, 2),
(196, '2022-07-17', '10:30:00', 50, 4, 2),
(197, '2022-07-17', '12:30:00', 150, 1, 2),
(198, '2022-07-17', '12:30:00', 100, 2, 2),
(199, '2022-07-17', '12:30:00', 50, 4, 2),
(200, '2022-07-17', '14:30:00', 150, 1, 2),
(201, '2022-07-17', '14:30:00', 100, 2, 2),
(202, '2022-07-17', '14:30:00', 50, 4, 2),
(203, '2022-07-17', '16:30:00', 150, 1, 2),
(204, '2022-07-17', '16:30:00', 100, 2, 2),
(205, '2022-07-17', '16:30:00', 50, 4, 2),
(206, '2022-07-18', '08:30:00', 150, 1, 2),
(207, '2022-07-18', '08:30:00', 100, 2, 2),
(208, '2022-07-18', '08:30:00', 50, 4, 2),
(209, '2022-07-18', '10:30:00', 150, 1, 2),
(210, '2022-07-18', '10:30:00', 100, 2, 2),
(211, '2022-07-18', '10:30:00', 50, 4, 2),
(212, '2022-07-18', '12:30:00', 150, 1, 2),
(213, '2022-07-18', '12:30:00', 100, 2, 2),
(214, '2022-07-18', '12:30:00', 50, 4, 2),
(215, '2022-07-18', '14:30:00', 150, 1, 2),
(216, '2022-07-18', '14:30:00', 100, 2, 2),
(217, '2022-07-18', '14:30:00', 50, 4, 2),
(218, '2022-07-18', '16:30:00', 150, 1, 2),
(219, '2022-07-18', '16:30:00', 100, 2, 2),
(220, '2022-07-18', '16:30:00', 50, 4, 2),
(221, '2022-07-19', '08:30:00', 150, 1, 2),
(222, '2022-07-19', '08:30:00', 100, 2, 2),
(223, '2022-07-19', '08:30:00', 50, 4, 2),
(224, '2022-07-19', '10:30:00', 150, 1, 2),
(225, '2022-07-19', '10:30:00', 100, 2, 2),
(226, '2022-07-19', '10:30:00', 50, 4, 2),
(227, '2022-07-19', '12:30:00', 150, 1, 2),
(228, '2022-07-19', '12:30:00', 100, 2, 2),
(229, '2022-07-19', '12:30:00', 50, 4, 2),
(230, '2022-07-19', '14:30:00', 150, 1, 2),
(231, '2022-07-19', '14:30:00', 100, 2, 2),
(232, '2022-07-19', '14:30:00', 50, 4, 2),
(233, '2022-07-19', '16:30:00', 150, 1, 2),
(234, '2022-07-19', '16:30:00', 100, 2, 2),
(235, '2022-07-19', '16:30:00', 50, 4, 2),
(236, '2022-07-20', '08:30:00', 150, 1, 2),
(237, '2022-07-20', '08:30:00', 100, 2, 2),
(238, '2022-07-20', '08:30:00', 50, 4, 2),
(239, '2022-07-20', '10:30:00', 150, 1, 2),
(240, '2022-07-20', '10:30:00', 100, 2, 2),
(241, '2022-07-20', '10:30:00', 50, 4, 2),
(242, '2022-07-20', '12:30:00', 150, 1, 2),
(243, '2022-07-20', '12:30:00', 100, 2, 2),
(244, '2022-07-20', '12:30:00', 50, 4, 2),
(245, '2022-07-20', '14:30:00', 150, 1, 2),
(246, '2022-07-20', '14:30:00', 100, 2, 2),
(247, '2022-07-20', '14:30:00', 50, 4, 2),
(248, '2022-07-20', '16:30:00', 150, 1, 2),
(249, '2022-07-20', '16:30:00', 100, 2, 2),
(250, '2022-07-20', '16:30:00', 50, 4, 2),
(251, '2022-07-21', '08:30:00', 150, 1, 2),
(252, '2022-07-21', '08:30:00', 100, 2, 2),
(253, '2022-07-21', '08:30:00', 50, 4, 2),
(254, '2022-07-21', '10:30:00', 150, 1, 2),
(255, '2022-07-21', '10:30:00', 100, 2, 2),
(256, '2022-07-21', '10:30:00', 50, 4, 2),
(257, '2022-07-21', '12:30:00', 150, 1, 2),
(258, '2022-07-21', '12:30:00', 100, 2, 2),
(259, '2022-07-21', '12:30:00', 50, 4, 2),
(260, '2022-07-21', '14:30:00', 150, 1, 2),
(261, '2022-07-21', '14:30:00', 100, 2, 2),
(262, '2022-07-21', '14:30:00', 50, 4, 2),
(263, '2022-07-21', '16:30:00', 150, 1, 2),
(264, '2022-07-21', '16:30:00', 100, 2, 2),
(265, '2022-07-21', '16:30:00', 50, 4, 2),
(266, '2022-07-22', '08:30:00', 150, 1, 2),
(267, '2022-07-22', '08:30:00', 100, 2, 2),
(268, '2022-07-22', '08:30:00', 50, 4, 2),
(269, '2022-07-22', '10:30:00', 150, 1, 2),
(270, '2022-07-22', '10:30:00', 100, 2, 2),
(271, '2022-07-22', '10:30:00', 50, 4, 2),
(272, '2022-07-22', '12:30:00', 150, 1, 2),
(273, '2022-07-22', '12:30:00', 100, 2, 2),
(274, '2022-07-22', '12:30:00', 50, 4, 2),
(275, '2022-07-22', '14:30:00', 150, 1, 2),
(276, '2022-07-22', '14:30:00', 100, 2, 2),
(277, '2022-07-22', '14:30:00', 50, 4, 2),
(278, '2022-07-22', '16:30:00', 150, 1, 2),
(279, '2022-07-22', '16:30:00', 100, 2, 2),
(280, '2022-07-22', '16:30:00', 50, 4, 2),
(281, '2022-07-23', '08:30:00', 150, 1, 2),
(282, '2022-07-23', '08:30:00', 100, 2, 2),
(283, '2022-07-23', '08:30:00', 50, 4, 2),
(284, '2022-07-23', '10:30:00', 150, 1, 2),
(285, '2022-07-23', '10:30:00', 100, 2, 2),
(286, '2022-07-23', '10:30:00', 50, 4, 2),
(287, '2022-07-23', '12:30:00', 150, 1, 2),
(288, '2022-07-23', '12:30:00', 100, 2, 2),
(289, '2022-07-23', '12:30:00', 50, 4, 2),
(290, '2022-07-23', '14:30:00', 150, 1, 2),
(291, '2022-07-23', '14:30:00', 100, 2, 2),
(292, '2022-07-23', '14:30:00', 50, 4, 2),
(293, '2022-07-23', '16:30:00', 150, 1, 2),
(294, '2022-07-23', '16:30:00', 100, 2, 2),
(295, '2022-07-23', '16:30:00', 50, 4, 2),
(296, '2022-07-24', '08:30:00', 150, 1, 2),
(297, '2022-07-24', '08:30:00', 100, 2, 2),
(298, '2022-07-24', '08:30:00', 50, 4, 2),
(299, '2022-07-24', '10:30:00', 150, 1, 2),
(300, '2022-07-24', '10:30:00', 100, 2, 2),
(301, '2022-07-24', '10:30:00', 50, 4, 2),
(302, '2022-07-24', '12:30:00', 150, 1, 2),
(303, '2022-07-24', '12:30:00', 100, 2, 2),
(304, '2022-07-24', '12:30:00', 50, 4, 2),
(305, '2022-07-24', '14:30:00', 150, 1, 2),
(306, '2022-07-24', '14:30:00', 100, 2, 2),
(307, '2022-07-24', '14:30:00', 50, 4, 2),
(308, '2022-07-24', '16:30:00', 150, 1, 2),
(309, '2022-07-24', '16:30:00', 100, 2, 2),
(310, '2022-07-24', '16:30:00', 50, 4, 2),
(311, '2022-07-25', '08:30:00', 100, 2, 2),
(312, '2022-07-25', '08:30:00', 200, 4, 2),
(313, '2022-07-25', '10:30:00', 100, 2, 2),
(314, '2022-07-25', '10:30:00', 200, 4, 2),
(315, '2022-07-25', '12:30:00', 100, 2, 2),
(316, '2022-07-25', '12:30:00', 200, 4, 2),
(317, '2022-07-25', '14:30:00', 100, 2, 2),
(318, '2022-07-25', '14:30:00', 200, 4, 2),
(319, '2022-07-25', '16:30:00', 100, 2, 2),
(320, '2022-07-25', '16:30:00', 200, 4, 2),
(321, '2022-07-26', '08:30:00', 100, 2, 2),
(322, '2022-07-26', '08:30:00', 200, 4, 2),
(323, '2022-07-26', '10:30:00', 100, 2, 2),
(324, '2022-07-26', '10:30:00', 200, 4, 2),
(325, '2022-07-26', '12:30:00', 100, 2, 2),
(326, '2022-07-26', '12:30:00', 200, 4, 2),
(327, '2022-07-26', '14:30:00', 100, 2, 2),
(328, '2022-07-26', '14:30:00', 200, 4, 2),
(329, '2022-07-26', '16:30:00', 100, 2, 2),
(330, '2022-07-26', '16:30:00', 200, 4, 2),
(331, '2022-07-27', '08:30:00', 100, 2, 2),
(332, '2022-07-27', '08:30:00', 200, 4, 2),
(333, '2022-07-27', '10:30:00', 100, 2, 2),
(334, '2022-07-27', '10:30:00', 200, 4, 2),
(335, '2022-07-27', '12:30:00', 100, 2, 2),
(336, '2022-07-27', '12:30:00', 200, 4, 2),
(337, '2022-07-27', '14:30:00', 100, 2, 2),
(338, '2022-07-27', '14:30:00', 200, 4, 2),
(339, '2022-07-27', '16:30:00', 100, 2, 2),
(340, '2022-07-27', '16:30:00', 200, 4, 2),
(341, '2022-07-28', '08:30:00', 100, 2, 2),
(342, '2022-07-28', '08:30:00', 200, 4, 2),
(343, '2022-07-28', '10:30:00', 100, 2, 2),
(344, '2022-07-28', '10:30:00', 200, 4, 2),
(345, '2022-07-28', '12:30:00', 100, 2, 2),
(346, '2022-07-28', '12:30:00', 200, 4, 2),
(347, '2022-07-28', '14:30:00', 100, 2, 2),
(348, '2022-07-28', '14:30:00', 200, 4, 2),
(349, '2022-07-28', '16:30:00', 100, 2, 2),
(350, '2022-07-28', '16:30:00', 200, 4, 2),
(351, '2022-07-29', '08:30:00', 100, 2, 2),
(352, '2022-07-29', '08:30:00', 200, 4, 2),
(353, '2022-07-29', '10:30:00', 100, 2, 2),
(354, '2022-07-29', '10:30:00', 200, 4, 2),
(355, '2022-07-29', '12:30:00', 100, 2, 2),
(356, '2022-07-29', '12:30:00', 200, 4, 2),
(357, '2022-07-29', '14:30:00', 100, 2, 2),
(358, '2022-07-29', '14:30:00', 200, 4, 2),
(359, '2022-07-29', '16:30:00', 100, 2, 2),
(360, '2022-07-29', '16:30:00', 200, 4, 2),
(361, '2022-07-30', '08:30:00', 100, 2, 2),
(362, '2022-07-30', '08:30:00', 200, 4, 2),
(363, '2022-07-30', '10:30:00', 100, 2, 2),
(364, '2022-07-30', '10:30:00', 200, 4, 2),
(365, '2022-07-30', '12:30:00', 100, 2, 2),
(366, '2022-07-30', '12:30:00', 200, 4, 2),
(367, '2022-07-30', '14:30:00', 100, 2, 2),
(368, '2022-07-30', '14:30:00', 200, 4, 2),
(369, '2022-07-30', '16:30:00', 100, 2, 2),
(370, '2022-07-30', '16:30:00', 200, 4, 2),
(371, '2022-07-31', '08:30:00', 100, 2, 2),
(372, '2022-07-31', '08:30:00', 200, 4, 2),
(373, '2022-07-31', '10:30:00', 100, 2, 2),
(374, '2022-07-31', '10:30:00', 200, 4, 2),
(375, '2022-07-31', '12:30:00', 100, 2, 2),
(376, '2022-07-31', '12:30:00', 200, 4, 2),
(377, '2022-07-31', '14:30:00', 100, 2, 2),
(378, '2022-07-31', '14:30:00', 200, 4, 2),
(379, '2022-07-31', '16:30:00', 100, 2, 2),
(380, '2022-07-31', '16:30:00', 200, 4, 2),
(381, '2022-08-01', '08:30:00', 100, 2, 2),
(382, '2022-08-01', '08:30:00', 200, 4, 2),
(383, '2022-08-01', '10:30:00', 100, 2, 2),
(384, '2022-08-01', '10:30:00', 200, 4, 2),
(385, '2022-08-01', '12:30:00', 100, 2, 2),
(386, '2022-08-01', '12:30:00', 200, 4, 2),
(387, '2022-08-01', '14:30:00', 100, 2, 2),
(388, '2022-08-01', '14:30:00', 200, 4, 2),
(389, '2022-08-01', '16:30:00', 100, 2, 2),
(390, '2022-08-01', '16:30:00', 200, 4, 2),
(391, '2022-08-02', '08:30:00', 100, 2, 2),
(392, '2022-08-02', '08:30:00', 200, 4, 2),
(393, '2022-08-02', '10:30:00', 100, 2, 2),
(394, '2022-08-02', '10:30:00', 200, 4, 2),
(395, '2022-08-02', '12:30:00', 100, 2, 2),
(396, '2022-08-02', '12:30:00', 200, 4, 2),
(397, '2022-08-02', '14:30:00', 100, 2, 2),
(398, '2022-08-02', '14:30:00', 200, 4, 2),
(399, '2022-08-02', '16:30:00', 100, 2, 2),
(400, '2022-08-02', '16:30:00', 200, 4, 2),
(401, '2022-08-03', '08:30:00', 100, 2, 2),
(402, '2022-08-03', '08:30:00', 200, 4, 2),
(403, '2022-08-03', '10:30:00', 100, 2, 2),
(404, '2022-08-03', '10:30:00', 200, 4, 2),
(405, '2022-08-03', '12:30:00', 100, 2, 2),
(406, '2022-08-03', '12:30:00', 200, 4, 2),
(407, '2022-08-03', '14:30:00', 100, 2, 2),
(408, '2022-08-03', '14:30:00', 200, 4, 2),
(409, '2022-08-03', '16:30:00', 100, 2, 2),
(410, '2022-08-03', '16:30:00', 200, 4, 2),
(411, '2022-08-04', '08:30:00', 100, 2, 2),
(412, '2022-08-04', '08:30:00', 200, 4, 2),
(413, '2022-08-04', '10:30:00', 100, 2, 2),
(414, '2022-08-04', '10:30:00', 200, 4, 2),
(415, '2022-08-04', '12:30:00', 100, 2, 2),
(416, '2022-08-04', '12:30:00', 200, 4, 2),
(417, '2022-08-04', '14:30:00', 100, 2, 2),
(418, '2022-08-04', '14:30:00', 200, 4, 2),
(419, '2022-08-04', '16:30:00', 100, 2, 2),
(420, '2022-08-04', '16:30:00', 200, 4, 2),
(421, '2022-08-05', '08:30:00', 100, 2, 2),
(422, '2022-08-05', '08:30:00', 200, 4, 2),
(423, '2022-08-05', '10:30:00', 100, 2, 2),
(424, '2022-08-05', '10:30:00', 200, 4, 2),
(425, '2022-08-05', '12:30:00', 100, 2, 2),
(426, '2022-08-05', '12:30:00', 200, 4, 2),
(427, '2022-08-05', '14:30:00', 100, 2, 2),
(428, '2022-08-05', '14:30:00', 200, 4, 2),
(429, '2022-08-05', '16:30:00', 100, 2, 2),
(430, '2022-08-05', '16:30:00', 200, 4, 2),
(431, '2022-08-06', '08:30:00', 100, 2, 2),
(432, '2022-08-06', '08:30:00', 200, 4, 2),
(433, '2022-08-06', '10:30:00', 100, 2, 2),
(434, '2022-08-06', '10:30:00', 200, 4, 2),
(435, '2022-08-06', '12:30:00', 100, 2, 2),
(436, '2022-08-06', '12:30:00', 200, 4, 2),
(437, '2022-08-06', '14:30:00', 100, 2, 2),
(438, '2022-08-06', '14:30:00', 200, 4, 2),
(439, '2022-08-06', '16:30:00', 100, 2, 2),
(440, '2022-08-06', '16:30:00', 200, 4, 2),
(441, '2022-08-07', '08:30:00', 150, 1, 2),
(442, '2022-08-07', '08:30:00', 100, 2, 2),
(443, '2022-08-07', '08:30:00', 50, 4, 2),
(444, '2022-08-07', '10:30:00', 150, 1, 2),
(445, '2022-08-07', '10:30:00', 100, 2, 2),
(446, '2022-08-07', '10:30:00', 50, 4, 2),
(447, '2022-08-07', '12:30:00', 150, 1, 2),
(448, '2022-08-07', '12:30:00', 100, 2, 2),
(449, '2022-08-07', '12:30:00', 50, 4, 2),
(450, '2022-08-07', '14:30:00', 150, 1, 2),
(451, '2022-08-07', '14:30:00', 100, 2, 2),
(452, '2022-08-07', '14:30:00', 50, 4, 2),
(453, '2022-08-07', '16:30:00', 150, 1, 2),
(454, '2022-08-07', '16:30:00', 100, 2, 2),
(455, '2022-08-07', '16:30:00', 50, 4, 2),
(456, '2022-08-08', '08:30:00', 150, 1, 2),
(457, '2022-08-08', '08:30:00', 100, 2, 2),
(458, '2022-08-08', '08:30:00', 50, 4, 2),
(459, '2022-08-08', '10:30:00', 150, 1, 2),
(460, '2022-08-08', '10:30:00', 100, 2, 2),
(461, '2022-08-08', '10:30:00', 50, 4, 2),
(462, '2022-08-08', '12:30:00', 150, 1, 2),
(463, '2022-08-08', '12:30:00', 100, 2, 2),
(464, '2022-08-08', '12:30:00', 50, 4, 2),
(465, '2022-08-08', '14:30:00', 150, 1, 2),
(466, '2022-08-08', '14:30:00', 100, 2, 2),
(467, '2022-08-08', '14:30:00', 50, 4, 2),
(468, '2022-08-08', '16:30:00', 150, 1, 2),
(469, '2022-08-08', '16:30:00', 100, 2, 2),
(470, '2022-08-08', '16:30:00', 50, 4, 2),
(471, '2022-08-09', '08:30:00', 150, 1, 2),
(472, '2022-08-09', '08:30:00', 100, 2, 2),
(473, '2022-08-09', '08:30:00', 50, 4, 2),
(474, '2022-08-09', '10:30:00', 150, 1, 2),
(475, '2022-08-09', '10:30:00', 100, 2, 2),
(476, '2022-08-09', '10:30:00', 50, 4, 2),
(477, '2022-08-09', '12:30:00', 150, 1, 2),
(478, '2022-08-09', '12:30:00', 100, 2, 2),
(479, '2022-08-09', '12:30:00', 50, 4, 2),
(480, '2022-08-09', '14:30:00', 150, 1, 2),
(481, '2022-08-09', '14:30:00', 100, 2, 2),
(482, '2022-08-09', '14:30:00', 50, 4, 2),
(483, '2022-08-09', '16:30:00', 150, 1, 2),
(484, '2022-08-09', '16:30:00', 100, 2, 2),
(485, '2022-08-09', '16:30:00', 50, 4, 2),
(486, '2022-08-10', '08:30:00', 150, 1, 2),
(487, '2022-08-10', '08:30:00', 100, 2, 2),
(488, '2022-08-10', '08:30:00', 50, 4, 2),
(489, '2022-08-10', '10:30:00', 150, 1, 2),
(490, '2022-08-10', '10:30:00', 100, 2, 2),
(491, '2022-08-10', '10:30:00', 50, 4, 2),
(492, '2022-08-10', '12:30:00', 150, 1, 2),
(493, '2022-08-10', '12:30:00', 100, 2, 2),
(494, '2022-08-10', '12:30:00', 50, 4, 2),
(495, '2022-08-10', '14:30:00', 150, 1, 2),
(496, '2022-08-10', '14:30:00', 100, 2, 2),
(497, '2022-08-10', '14:30:00', 50, 4, 2),
(498, '2022-08-10', '16:30:00', 150, 1, 2),
(499, '2022-08-10', '16:30:00', 100, 2, 2),
(500, '2022-08-10', '16:30:00', 50, 4, 2),
(501, '2022-08-11', '08:30:00', 150, 1, 2),
(502, '2022-08-11', '08:30:00', 100, 2, 2),
(503, '2022-08-11', '08:30:00', 50, 4, 2),
(504, '2022-08-11', '10:30:00', 150, 1, 2),
(505, '2022-08-11', '10:30:00', 100, 2, 2),
(506, '2022-08-11', '10:30:00', 50, 4, 2),
(507, '2022-08-11', '12:30:00', 150, 1, 2),
(508, '2022-08-11', '12:30:00', 100, 2, 2),
(509, '2022-08-11', '12:30:00', 50, 4, 2),
(510, '2022-08-11', '14:30:00', 150, 1, 2),
(511, '2022-08-11', '14:30:00', 100, 2, 2),
(512, '2022-08-11', '14:30:00', 50, 4, 2),
(513, '2022-08-11', '16:30:00', 150, 1, 2),
(514, '2022-08-11', '16:30:00', 100, 2, 2),
(515, '2022-08-11', '16:30:00', 50, 4, 2),
(516, '2022-08-12', '08:30:00', 150, 1, 2),
(517, '2022-08-12', '08:30:00', 100, 2, 2),
(518, '2022-08-12', '08:30:00', 50, 4, 2),
(519, '2022-08-12', '10:30:00', 150, 1, 2),
(520, '2022-08-12', '10:30:00', 100, 2, 2),
(521, '2022-08-12', '10:30:00', 50, 4, 2),
(522, '2022-08-12', '12:30:00', 150, 1, 2),
(523, '2022-08-12', '12:30:00', 100, 2, 2),
(524, '2022-08-12', '12:30:00', 50, 4, 2),
(525, '2022-08-12', '14:30:00', 150, 1, 2),
(526, '2022-08-12', '14:30:00', 100, 2, 2),
(527, '2022-08-12', '14:30:00', 50, 4, 2),
(528, '2022-08-12', '16:30:00', 150, 1, 2),
(529, '2022-08-12', '16:30:00', 100, 2, 2),
(530, '2022-08-12', '16:30:00', 50, 4, 2),
(531, '2022-08-13', '08:30:00', 150, 1, 2),
(532, '2022-08-13', '08:30:00', 100, 2, 2),
(533, '2022-08-13', '08:30:00', 50, 4, 2),
(534, '2022-08-13', '10:30:00', 150, 1, 2),
(535, '2022-08-13', '10:30:00', 100, 2, 2),
(536, '2022-08-13', '10:30:00', 50, 4, 2),
(537, '2022-08-13', '12:30:00', 150, 1, 2),
(538, '2022-08-13', '12:30:00', 100, 2, 2),
(539, '2022-08-13', '12:30:00', 50, 4, 2),
(540, '2022-08-13', '14:30:00', 150, 1, 2),
(541, '2022-08-13', '14:30:00', 100, 2, 2),
(542, '2022-08-13', '14:30:00', 50, 4, 2),
(543, '2022-08-13', '16:30:00', 150, 1, 2),
(544, '2022-08-13', '16:30:00', 100, 2, 2),
(545, '2022-08-13', '16:30:00', 50, 4, 2),
(546, '2022-08-14', '08:30:00', 150, 1, 2),
(547, '2022-08-14', '08:30:00', 100, 2, 2),
(548, '2022-08-14', '08:30:00', 50, 4, 2),
(549, '2022-08-14', '10:30:00', 150, 1, 2),
(550, '2022-08-14', '10:30:00', 100, 2, 2),
(551, '2022-08-14', '10:30:00', 50, 4, 2),
(552, '2022-08-14', '12:30:00', 150, 1, 2),
(553, '2022-08-14', '12:30:00', 100, 2, 2),
(554, '2022-08-14', '12:30:00', 50, 4, 2),
(555, '2022-08-14', '14:30:00', 150, 1, 2),
(556, '2022-08-14', '14:30:00', 100, 2, 2),
(557, '2022-08-14', '14:30:00', 50, 4, 2),
(558, '2022-08-14', '16:30:00', 150, 1, 2),
(559, '2022-08-14', '16:30:00', 100, 2, 2),
(560, '2022-08-14', '16:30:00', 50, 4, 2),
(561, '2022-08-15', '08:30:00', 150, 1, 2),
(562, '2022-08-15', '08:30:00', 100, 2, 2),
(563, '2022-08-15', '08:30:00', 50, 4, 2),
(564, '2022-08-15', '10:30:00', 150, 1, 2),
(565, '2022-08-15', '10:30:00', 100, 2, 2),
(566, '2022-08-15', '10:30:00', 50, 4, 2),
(567, '2022-08-15', '12:30:00', 150, 1, 2),
(568, '2022-08-15', '12:30:00', 100, 2, 2),
(569, '2022-08-15', '12:30:00', 50, 4, 2),
(570, '2022-08-15', '14:30:00', 150, 1, 2),
(571, '2022-08-15', '14:30:00', 100, 2, 2),
(572, '2022-08-15', '14:30:00', 50, 4, 2),
(573, '2022-08-15', '16:30:00', 150, 1, 2),
(574, '2022-08-15', '16:30:00', 100, 2, 2),
(575, '2022-08-15', '16:30:00', 50, 4, 2),
(576, '2022-08-16', '08:30:00', 150, 1, 2),
(577, '2022-08-16', '08:30:00', 100, 2, 2),
(578, '2022-08-16', '08:30:00', 50, 4, 2),
(579, '2022-08-16', '10:30:00', 150, 1, 2),
(580, '2022-08-16', '10:30:00', 100, 2, 2),
(581, '2022-08-16', '10:30:00', 50, 4, 2),
(582, '2022-08-16', '12:30:00', 150, 1, 2),
(583, '2022-08-16', '12:30:00', 100, 2, 2),
(584, '2022-08-16', '12:30:00', 50, 4, 2),
(585, '2022-08-16', '14:30:00', 150, 1, 2),
(586, '2022-08-16', '14:30:00', 100, 2, 2),
(587, '2022-08-16', '14:30:00', 50, 4, 2),
(588, '2022-08-16', '16:30:00', 150, 1, 2),
(589, '2022-08-16', '16:30:00', 100, 2, 2),
(590, '2022-08-16', '16:30:00', 50, 4, 2),
(591, '2022-08-17', '08:30:00', 150, 1, 2),
(592, '2022-08-17', '08:30:00', 100, 2, 2),
(593, '2022-08-17', '08:30:00', 50, 4, 2),
(594, '2022-08-17', '10:30:00', 150, 1, 2),
(595, '2022-08-17', '10:30:00', 100, 2, 2),
(596, '2022-08-17', '10:30:00', 50, 4, 2),
(597, '2022-08-17', '12:30:00', 150, 1, 2),
(598, '2022-08-17', '12:30:00', 100, 2, 2),
(599, '2022-08-17', '12:30:00', 50, 4, 2),
(600, '2022-08-17', '14:30:00', 150, 1, 2),
(601, '2022-08-17', '14:30:00', 100, 2, 2),
(602, '2022-08-17', '14:30:00', 50, 4, 2),
(603, '2022-08-17', '16:30:00', 150, 1, 2),
(604, '2022-08-17', '16:30:00', 100, 2, 2),
(605, '2022-08-17', '16:30:00', 50, 4, 2),
(606, '2022-08-18', '08:30:00', 150, 1, 2),
(607, '2022-08-18', '08:30:00', 100, 2, 2),
(608, '2022-08-18', '08:30:00', 50, 4, 2),
(609, '2022-08-18', '10:30:00', 150, 1, 2),
(610, '2022-08-18', '10:30:00', 100, 2, 2),
(611, '2022-08-18', '10:30:00', 50, 4, 2),
(612, '2022-08-18', '12:30:00', 150, 1, 2),
(613, '2022-08-18', '12:30:00', 100, 2, 2),
(614, '2022-08-18', '12:30:00', 50, 4, 2),
(615, '2022-08-18', '14:30:00', 150, 1, 2),
(616, '2022-08-18', '14:30:00', 100, 2, 2),
(617, '2022-08-18', '14:30:00', 50, 4, 2),
(618, '2022-08-18', '16:30:00', 150, 1, 2),
(619, '2022-08-18', '16:30:00', 100, 2, 2),
(620, '2022-08-18', '16:30:00', 50, 4, 2),
(621, '2022-08-19', '08:30:00', 150, 1, 2),
(622, '2022-08-19', '08:30:00', 100, 2, 2),
(623, '2022-08-19', '08:30:00', 50, 4, 2),
(624, '2022-08-19', '10:30:00', 150, 1, 2),
(625, '2022-08-19', '10:30:00', 100, 2, 2),
(626, '2022-08-19', '10:30:00', 50, 4, 2),
(627, '2022-08-19', '12:30:00', 150, 1, 2),
(628, '2022-08-19', '12:30:00', 100, 2, 2),
(629, '2022-08-19', '12:30:00', 50, 4, 2),
(630, '2022-08-19', '14:30:00', 150, 1, 2),
(631, '2022-08-19', '14:30:00', 100, 2, 2),
(632, '2022-08-19', '14:30:00', 50, 4, 2),
(633, '2022-08-19', '16:30:00', 150, 1, 2),
(634, '2022-08-19', '16:30:00', 100, 2, 2),
(635, '2022-08-19', '16:30:00', 50, 4, 2),
(636, '2022-08-20', '08:30:00', 150, 1, 2),
(637, '2022-08-20', '08:30:00', 100, 2, 2),
(638, '2022-08-20', '08:30:00', 50, 4, 2),
(639, '2022-08-20', '10:30:00', 150, 1, 2),
(640, '2022-08-20', '10:30:00', 100, 2, 2),
(641, '2022-08-20', '10:30:00', 50, 4, 2),
(642, '2022-08-20', '12:30:00', 150, 1, 2),
(643, '2022-08-20', '12:30:00', 100, 2, 2),
(644, '2022-08-20', '12:30:00', 50, 4, 2),
(645, '2022-08-20', '14:30:00', 150, 1, 2),
(646, '2022-08-20', '14:30:00', 100, 2, 2),
(647, '2022-08-20', '14:30:00', 50, 4, 2),
(648, '2022-08-20', '16:30:00', 150, 1, 2),
(649, '2022-08-20', '16:30:00', 100, 2, 2),
(650, '2022-08-20', '16:30:00', 50, 4, 2),
(651, '2022-08-21', '08:30:00', 150, 1, 2),
(652, '2022-08-21', '08:30:00', 100, 2, 2),
(653, '2022-08-21', '08:30:00', 50, 4, 2),
(654, '2022-08-21', '10:30:00', 150, 1, 2),
(655, '2022-08-21', '10:30:00', 100, 2, 2),
(656, '2022-08-21', '10:30:00', 50, 4, 2),
(657, '2022-08-21', '12:30:00', 150, 1, 2),
(658, '2022-08-21', '12:30:00', 100, 2, 2),
(659, '2022-08-21', '12:30:00', 50, 4, 2),
(660, '2022-08-21', '14:30:00', 150, 1, 2),
(661, '2022-08-21', '14:30:00', 100, 2, 2),
(662, '2022-08-21', '14:30:00', 50, 4, 2),
(663, '2022-08-21', '16:30:00', 150, 1, 2),
(664, '2022-08-21', '16:30:00', 100, 2, 2),
(665, '2022-08-21', '16:30:00', 50, 4, 2),
(666, '2022-08-22', '08:30:00', 150, 1, 2),
(667, '2022-08-22', '08:30:00', 100, 2, 2),
(668, '2022-08-22', '08:30:00', 50, 4, 2),
(669, '2022-08-22', '10:30:00', 150, 1, 2),
(670, '2022-08-22', '10:30:00', 100, 2, 2),
(671, '2022-08-22', '10:30:00', 50, 4, 2),
(672, '2022-08-22', '12:30:00', 150, 1, 2),
(673, '2022-08-22', '12:30:00', 100, 2, 2),
(674, '2022-08-22', '12:30:00', 50, 4, 2),
(675, '2022-08-22', '14:30:00', 150, 1, 2),
(676, '2022-08-22', '14:30:00', 100, 2, 2),
(677, '2022-08-22', '14:30:00', 50, 4, 2),
(678, '2022-08-22', '16:30:00', 150, 1, 2),
(679, '2022-08-22', '16:30:00', 100, 2, 2),
(680, '2022-08-22', '16:30:00', 50, 4, 2),
(681, '2022-08-23', '08:30:00', 150, 1, 2),
(682, '2022-08-23', '08:30:00', 100, 2, 2),
(683, '2022-08-23', '08:30:00', 50, 4, 2),
(684, '2022-08-23', '10:30:00', 150, 1, 2),
(685, '2022-08-23', '10:30:00', 100, 2, 2),
(686, '2022-08-23', '10:30:00', 50, 4, 2),
(687, '2022-08-23', '12:30:00', 150, 1, 2),
(688, '2022-08-23', '12:30:00', 100, 2, 2),
(689, '2022-08-23', '12:30:00', 50, 4, 2),
(690, '2022-08-23', '14:30:00', 150, 1, 2),
(691, '2022-08-23', '14:30:00', 100, 2, 2),
(692, '2022-08-23', '14:30:00', 50, 4, 2),
(693, '2022-08-23', '16:30:00', 150, 1, 2),
(694, '2022-08-23', '16:30:00', 100, 2, 2),
(695, '2022-08-23', '16:30:00', 50, 4, 2),
(696, '2022-08-24', '08:30:00', 150, 1, 2),
(697, '2022-08-24', '08:30:00', 100, 2, 2),
(698, '2022-08-24', '08:30:00', 50, 4, 2),
(699, '2022-08-24', '10:30:00', 150, 1, 2),
(700, '2022-08-24', '10:30:00', 100, 2, 2),
(701, '2022-08-24', '10:30:00', 50, 4, 2),
(702, '2022-08-24', '12:30:00', 150, 1, 2),
(703, '2022-08-24', '12:30:00', 100, 2, 2),
(704, '2022-08-24', '12:30:00', 50, 4, 2),
(705, '2022-08-24', '14:30:00', 150, 1, 2),
(706, '2022-08-24', '14:30:00', 100, 2, 2),
(707, '2022-08-24', '14:30:00', 50, 4, 2),
(708, '2022-08-24', '16:30:00', 150, 1, 2),
(709, '2022-08-24', '16:30:00', 100, 2, 2),
(710, '2022-08-24', '16:30:00', 50, 4, 2),
(711, '2022-08-25', '08:30:00', 150, 1, 2),
(712, '2022-08-25', '08:30:00', 100, 2, 2),
(713, '2022-08-25', '08:30:00', 50, 4, 2),
(714, '2022-08-25', '10:30:00', 150, 1, 2),
(715, '2022-08-25', '10:30:00', 100, 2, 2),
(716, '2022-08-25', '10:30:00', 50, 4, 2),
(717, '2022-08-25', '12:30:00', 150, 1, 2),
(718, '2022-08-25', '12:30:00', 100, 2, 2),
(719, '2022-08-25', '12:30:00', 50, 4, 2),
(720, '2022-08-25', '14:30:00', 150, 1, 2),
(721, '2022-08-25', '14:30:00', 100, 2, 2),
(722, '2022-08-25', '14:30:00', 50, 4, 2),
(723, '2022-08-25', '16:30:00', 150, 1, 2),
(724, '2022-08-25', '16:30:00', 100, 2, 2),
(725, '2022-08-25', '16:30:00', 50, 4, 2),
(726, '2022-08-26', '08:30:00', 150, 1, 2),
(727, '2022-08-26', '08:30:00', 100, 2, 2),
(728, '2022-08-26', '08:30:00', 50, 4, 2),
(729, '2022-08-26', '10:30:00', 150, 1, 2),
(730, '2022-08-26', '10:30:00', 100, 2, 2),
(731, '2022-08-26', '10:30:00', 50, 4, 2),
(732, '2022-08-26', '12:30:00', 150, 1, 2),
(733, '2022-08-26', '12:30:00', 100, 2, 2),
(734, '2022-08-26', '12:30:00', 50, 4, 2),
(735, '2022-08-26', '14:30:00', 150, 1, 2),
(736, '2022-08-26', '14:30:00', 100, 2, 2),
(737, '2022-08-26', '14:30:00', 50, 4, 2),
(738, '2022-08-26', '16:30:00', 150, 1, 2),
(739, '2022-08-26', '16:30:00', 100, 2, 2),
(740, '2022-08-26', '16:30:00', 50, 4, 2),
(741, '2022-08-27', '08:30:00', 150, 1, 2),
(742, '2022-08-27', '08:30:00', 100, 2, 2),
(743, '2022-08-27', '08:30:00', 50, 4, 2),
(744, '2022-08-27', '10:30:00', 150, 1, 2),
(745, '2022-08-27', '10:30:00', 100, 2, 2),
(746, '2022-08-27', '10:30:00', 50, 4, 2),
(747, '2022-08-27', '12:30:00', 150, 1, 2),
(748, '2022-08-27', '12:30:00', 100, 2, 2),
(749, '2022-08-27', '12:30:00', 50, 4, 2),
(750, '2022-08-27', '14:30:00', 150, 1, 2),
(751, '2022-08-27', '14:30:00', 100, 2, 2),
(752, '2022-08-27', '14:30:00', 50, 4, 2),
(753, '2022-08-27', '16:30:00', 150, 1, 2),
(754, '2022-08-27', '16:30:00', 100, 2, 2),
(755, '2022-08-27', '16:30:00', 50, 4, 2),
(756, '2022-08-28', '08:30:00', 150, 1, 2),
(757, '2022-08-28', '08:30:00', 100, 2, 2),
(758, '2022-08-28', '08:30:00', 50, 4, 2),
(759, '2022-08-28', '10:30:00', 150, 1, 2),
(760, '2022-08-28', '10:30:00', 100, 2, 2),
(761, '2022-08-28', '10:30:00', 50, 4, 2),
(762, '2022-08-28', '12:30:00', 150, 1, 2),
(763, '2022-08-28', '12:30:00', 100, 2, 2),
(764, '2022-08-28', '12:30:00', 50, 4, 2),
(765, '2022-08-28', '14:30:00', 150, 1, 2),
(766, '2022-08-28', '14:30:00', 100, 2, 2),
(767, '2022-08-28', '14:30:00', 50, 4, 2),
(768, '2022-08-28', '16:30:00', 150, 1, 2),
(769, '2022-08-28', '16:30:00', 100, 2, 2),
(770, '2022-08-28', '16:30:00', 50, 4, 2),
(771, '2022-08-29', '08:30:00', 150, 1, 2),
(772, '2022-08-29', '08:30:00', 100, 2, 2),
(773, '2022-08-29', '08:30:00', 50, 4, 2),
(774, '2022-08-29', '10:30:00', 150, 1, 2),
(775, '2022-08-29', '10:30:00', 100, 2, 2),
(776, '2022-08-29', '10:30:00', 50, 4, 2),
(777, '2022-08-29', '12:30:00', 150, 1, 2),
(778, '2022-08-29', '12:30:00', 100, 2, 2),
(779, '2022-08-29', '12:30:00', 50, 4, 2),
(780, '2022-08-29', '14:30:00', 150, 1, 2),
(781, '2022-08-29', '14:30:00', 100, 2, 2),
(782, '2022-08-29', '14:30:00', 50, 4, 2),
(783, '2022-08-29', '16:30:00', 150, 1, 2),
(784, '2022-08-29', '16:30:00', 100, 2, 2),
(785, '2022-08-29', '16:30:00', 50, 4, 2),
(786, '2022-08-30', '08:30:00', 150, 1, 2),
(787, '2022-08-30', '08:30:00', 100, 2, 2),
(788, '2022-08-30', '08:30:00', 50, 4, 2),
(789, '2022-08-30', '10:30:00', 150, 1, 2),
(790, '2022-08-30', '10:30:00', 100, 2, 2),
(791, '2022-08-30', '10:30:00', 50, 4, 2),
(792, '2022-08-30', '12:30:00', 150, 1, 2),
(793, '2022-08-30', '12:30:00', 100, 2, 2),
(794, '2022-08-30', '12:30:00', 50, 4, 2),
(795, '2022-08-30', '14:30:00', 150, 1, 2),
(796, '2022-08-30', '14:30:00', 100, 2, 2),
(797, '2022-08-30', '14:30:00', 50, 4, 2),
(798, '2022-08-30', '16:30:00', 150, 1, 2),
(799, '2022-08-30', '16:30:00', 100, 2, 2),
(800, '2022-08-30', '16:30:00', 50, 4, 2),
(801, '2022-08-31', '08:30:00', 150, 1, 2),
(802, '2022-08-31', '08:30:00', 100, 2, 2),
(803, '2022-08-31', '08:30:00', 50, 4, 2),
(804, '2022-08-31', '10:30:00', 150, 1, 2),
(805, '2022-08-31', '10:30:00', 100, 2, 2),
(806, '2022-08-31', '10:30:00', 50, 4, 2),
(807, '2022-08-31', '12:30:00', 150, 1, 2),
(808, '2022-08-31', '12:30:00', 100, 2, 2),
(809, '2022-08-31', '12:30:00', 50, 4, 2),
(810, '2022-08-31', '14:30:00', 150, 1, 2),
(811, '2022-08-31', '14:30:00', 100, 2, 2),
(812, '2022-08-31', '14:30:00', 50, 4, 2),
(813, '2022-08-31', '16:30:00', 150, 1, 2),
(814, '2022-08-31', '16:30:00', 100, 2, 2),
(815, '2022-08-31', '16:30:00', 50, 4, 2),
(816, '2022-09-01', '08:30:00', 150, 1, 2),
(817, '2022-09-01', '08:30:00', 100, 2, 2),
(818, '2022-09-01', '08:30:00', 50, 4, 2),
(819, '2022-09-01', '10:30:00', 150, 1, 2),
(820, '2022-09-01', '10:30:00', 100, 2, 2),
(821, '2022-09-01', '10:30:00', 50, 4, 2),
(822, '2022-09-01', '12:30:00', 150, 1, 2),
(823, '2022-09-01', '12:30:00', 100, 2, 2),
(824, '2022-09-01', '12:30:00', 50, 4, 2),
(825, '2022-09-01', '14:30:00', 150, 1, 2),
(826, '2022-09-01', '14:30:00', 100, 2, 2),
(827, '2022-09-01', '14:30:00', 50, 4, 2),
(828, '2022-09-01', '16:30:00', 150, 1, 2),
(829, '2022-09-01', '16:30:00', 100, 2, 2),
(830, '2022-09-01', '16:30:00', 50, 4, 2),
(831, '2022-09-02', '08:30:00', 50, 1, 2),
(832, '2022-09-02', '08:30:00', 50, 2, 2),
(833, '2022-09-02', '08:30:00', 100, 4, 2),
(834, '2022-09-02', '10:30:00', 50, 1, 2),
(835, '2022-09-02', '10:30:00', 50, 2, 2),
(836, '2022-09-02', '10:30:00', 100, 4, 2),
(837, '2022-09-02', '12:30:00', 50, 1, 2),
(838, '2022-09-02', '12:30:00', 50, 2, 2),
(839, '2022-09-02', '12:30:00', 100, 4, 2),
(840, '2022-09-02', '14:30:00', 50, 1, 2),
(841, '2022-09-02', '14:30:00', 50, 2, 2),
(842, '2022-09-02', '14:30:00', 100, 4, 2),
(843, '2022-09-02', '16:30:00', 50, 1, 2),
(844, '2022-09-02', '16:30:00', 50, 2, 2),
(845, '2022-09-02', '16:30:00', 100, 4, 2),
(846, '2022-09-03', '08:30:00', 50, 1, 2),
(847, '2022-09-03', '08:30:00', 50, 2, 2),
(848, '2022-09-03', '08:30:00', 100, 4, 2),
(849, '2022-09-03', '10:30:00', 50, 1, 2),
(850, '2022-09-03', '10:30:00', 50, 2, 2),
(851, '2022-09-03', '10:30:00', 100, 4, 2),
(852, '2022-09-03', '12:30:00', 50, 1, 2),
(853, '2022-09-03', '12:30:00', 50, 2, 2),
(854, '2022-09-03', '12:30:00', 100, 4, 2),
(855, '2022-09-03', '14:30:00', 50, 1, 2),
(856, '2022-09-03', '14:30:00', 50, 2, 2),
(857, '2022-09-03', '14:30:00', 100, 4, 2),
(858, '2022-09-03', '16:30:00', 50, 1, 2),
(859, '2022-09-03', '16:30:00', 50, 2, 2),
(860, '2022-09-03', '16:30:00', 100, 4, 2),
(861, '2022-09-04', '08:30:00', 50, 1, 2),
(862, '2022-09-04', '08:30:00', 50, 2, 2),
(863, '2022-09-04', '08:30:00', 100, 4, 2),
(864, '2022-09-04', '10:30:00', 50, 1, 2),
(865, '2022-09-04', '10:30:00', 50, 2, 2),
(866, '2022-09-04', '10:30:00', 100, 4, 2),
(867, '2022-09-04', '12:30:00', 50, 1, 2),
(868, '2022-09-04', '12:30:00', 50, 2, 2),
(869, '2022-09-04', '12:30:00', 100, 4, 2),
(870, '2022-09-04', '14:30:00', 50, 1, 2),
(871, '2022-09-04', '14:30:00', 50, 2, 2),
(872, '2022-09-04', '14:30:00', 100, 4, 2),
(873, '2022-09-04', '16:30:00', 50, 1, 2),
(874, '2022-09-04', '16:30:00', 50, 2, 2),
(875, '2022-09-04', '16:30:00', 100, 4, 2),
(876, '2022-09-05', '08:30:00', 50, 1, 2),
(877, '2022-09-05', '08:30:00', 50, 2, 2),
(878, '2022-09-05', '08:30:00', 100, 4, 2),
(879, '2022-09-05', '10:30:00', 50, 1, 2),
(880, '2022-09-05', '10:30:00', 50, 2, 2),
(881, '2022-09-05', '10:30:00', 100, 4, 2),
(882, '2022-09-05', '12:30:00', 50, 1, 2),
(883, '2022-09-05', '12:30:00', 50, 2, 2),
(884, '2022-09-05', '12:30:00', 100, 4, 2),
(885, '2022-09-05', '14:30:00', 50, 1, 2),
(886, '2022-09-05', '14:30:00', 50, 2, 2),
(887, '2022-09-05', '14:30:00', 100, 4, 2),
(888, '2022-09-05', '16:30:00', 50, 1, 2),
(889, '2022-09-05', '16:30:00', 50, 2, 2),
(890, '2022-09-05', '16:30:00', 100, 4, 2),
(891, '2022-09-06', '08:30:00', 50, 1, 2),
(892, '2022-09-06', '08:30:00', 20, 2, 2),
(893, '2022-09-06', '08:30:00', 50, 4, 2),
(894, '2022-09-06', '10:30:00', 50, 1, 2),
(895, '2022-09-06', '10:30:00', 20, 2, 2),
(896, '2022-09-06', '10:30:00', 50, 4, 2),
(897, '2022-09-06', '12:30:00', 50, 1, 2),
(898, '2022-09-06', '12:30:00', 20, 2, 2),
(899, '2022-09-06', '12:30:00', 50, 4, 2),
(900, '2022-09-06', '14:30:00', 50, 1, 2),
(901, '2022-09-06', '14:30:00', 20, 2, 2),
(902, '2022-09-06', '14:30:00', 50, 4, 2),
(903, '2022-09-06', '16:30:00', 50, 1, 2),
(904, '2022-09-06', '16:30:00', 20, 2, 2),
(905, '2022-09-06', '16:30:00', 50, 4, 2),
(906, '2022-09-07', '08:30:00', 50, 1, 2),
(907, '2022-09-07', '08:30:00', 20, 2, 2),
(908, '2022-09-07', '08:30:00', 50, 4, 2),
(909, '2022-09-07', '10:30:00', 50, 1, 2),
(910, '2022-09-07', '10:30:00', 20, 2, 2),
(911, '2022-09-07', '10:30:00', 50, 4, 2),
(912, '2022-09-07', '12:30:00', 50, 1, 2),
(913, '2022-09-07', '12:30:00', 20, 2, 2),
(914, '2022-09-07', '12:30:00', 50, 4, 2),
(915, '2022-09-07', '14:30:00', 50, 1, 2),
(916, '2022-09-07', '14:30:00', 20, 2, 2),
(917, '2022-09-07', '14:30:00', 50, 4, 2),
(918, '2022-09-07', '16:30:00', 50, 1, 2),
(919, '2022-09-07', '16:30:00', 20, 2, 2),
(920, '2022-09-07', '16:30:00', 50, 4, 2),
(921, '2022-09-08', '08:30:00', 10, 2, 2),
(922, '2022-09-08', '08:30:00', 50, 4, 2),
(923, '2022-09-08', '10:30:00', 10, 2, 2),
(924, '2022-09-08', '10:30:00', 50, 4, 2),
(925, '2022-09-08', '12:30:00', 10, 2, 2),
(926, '2022-09-08', '12:30:00', 50, 4, 2),
(927, '2022-09-08', '14:30:00', 10, 2, 2),
(928, '2022-09-08', '14:30:00', 50, 4, 2),
(929, '2022-09-08', '16:30:00', 10, 2, 2),
(930, '2022-09-08', '16:30:00', 50, 4, 2),
(931, '2022-09-09', '08:30:00', 10, 2, 2),
(932, '2022-09-09', '08:30:00', 50, 4, 2),
(933, '2022-09-09', '10:30:00', 10, 2, 2),
(934, '2022-09-09', '10:30:00', 50, 4, 2),
(935, '2022-09-09', '12:30:00', 10, 2, 2),
(936, '2022-09-09', '12:30:00', 50, 4, 2),
(937, '2022-09-09', '14:30:00', 10, 2, 2),
(938, '2022-09-09', '14:30:00', 50, 4, 2),
(939, '2022-09-09', '16:30:00', 10, 2, 2),
(940, '2022-09-09', '16:30:00', 50, 4, 2),
(941, '2022-09-10', '08:30:00', 10, 2, 2),
(942, '2022-09-10', '10:30:00', 10, 2, 2),
(943, '2022-09-10', '12:30:00', 10, 2, 2),
(944, '2022-09-10', '14:30:00', 10, 2, 2),
(945, '2022-09-10', '16:30:00', 10, 2, 2),
(947, '2022-10-03', '23:37:38', 50, 4, 1),
(948, '2022-10-03', '23:38:29', 60, 1, 1),
(949, '2022-10-04', '19:26:04', 60, 2, 3),
(950, '2022-10-04', '22:06:52', 150, 3, 3),
(951, '2022-10-16', '13:28:34', 200, 2, 7),
(952, '2022-10-21', '20:39:54', 100, 2, 7),
(953, '2022-10-22', '20:36:22', 100, 2, 7),
(955, '2022-10-23', '16:40:55', 100, 1, 7);

-- --------------------------------------------------------

--
-- Table structure for table `greenhouse`
--

CREATE TABLE `greenhouse` (
  `greenhouse_ID` int(11) NOT NULL,
  `greenhouse_Name` char(255) COLLATE utf8_unicode_ci NOT NULL
) ENGINE=MyISAM DEFAULT CHARSET=utf8 COLLATE=utf8_unicode_ci;

--
-- Dumping data for table `greenhouse`
--

INSERT INTO `greenhouse` (`greenhouse_ID`, `greenhouse_Name`) VALUES
(1, 'โรงเรือน 1'),
(2, 'โรงเรือน 2'),
(3, 'โรงเรือน 3');

-- --------------------------------------------------------

--
-- Table structure for table `historyperiod`
--

CREATE TABLE `historyperiod` (
  `period_ID` int(11) NOT NULL,
  `create_date` date NOT NULL,
  `harvest_date` date NOT NULL,
  `planted_melon` int(11) NOT NULL,
  `gradeA` int(5) NOT NULL,
  `gradeB` int(5) NOT NULL,
  `gradeC` int(5) NOT NULL,
  `period_name` varchar(30) COLLATE utf8_unicode_ci NOT NULL,
  `greenhouse_ID` int(11) NOT NULL
) ENGINE=MyISAM DEFAULT CHARSET=utf8 COLLATE=utf8_unicode_ci;

--
-- Dumping data for table `historyperiod`
--

INSERT INTO `historyperiod` (`period_ID`, `create_date`, `harvest_date`, `planted_melon`, `gradeA`, `gradeB`, `gradeC`, `period_name`, `greenhouse_ID`) VALUES
(1, '2022-06-01', '2022-08-10', 60, 42, 10, 8, 'กรีนสวีท มิ.ย. 65', 1),
(2, '2022-07-01', '2022-09-10', 60, 44, 12, 4, 'นัมเบอร์วัน ก.ค. 65', 2),
(3, '2022-10-03', '2022-10-04', 40, 5, 2, 0, 'Greensweet No.1', 3),
(5, '2022-10-05', '2022-10-05', 50, 2, 0, 0, 'กรีนสวีท', 1),
(6, '2022-10-05', '2022-10-09', 20, 0, 0, 0, 'เพื่อน', 3),
(8, '2022-10-27', '2022-10-27', 30, 0, 0, 0, 'periodname01', 3);

-- --------------------------------------------------------

--
-- Table structure for table `humid`
--

CREATE TABLE `humid` (
  `humid_ID` int(11) NOT NULL,
  `humid_date` date NOT NULL DEFAULT current_timestamp(),
  `humid_time` time NOT NULL DEFAULT current_timestamp(),
  `RH` float NOT NULL,
  `period_ID` int(11) NOT NULL
) ENGINE=MyISAM DEFAULT CHARSET=utf8 COLLATE=utf8_unicode_ci;

--
-- Dumping data for table `humid`
--

INSERT INTO `humid` (`humid_ID`, `humid_date`, `humid_time`, `RH`, `period_ID`) VALUES
(1, '2022-10-23', '00:00:00', 20, 7),
(2, '2022-10-23', '16:09:52', 10, 7),
(3, '2022-10-23', '16:11:17', 50, 7),
(4, '2022-10-23', '16:13:22', 32, 7),
(7, '2022-10-23', '17:03:57', 77, 7);

-- --------------------------------------------------------

--
-- Table structure for table `intense`
--

CREATE TABLE `intense` (
  `intense_ID` int(11) NOT NULL,
  `intense_date` date NOT NULL DEFAULT current_timestamp(),
  `intense_time` time NOT NULL DEFAULT current_timestamp(),
  `lux` float NOT NULL,
  `period_ID` int(11) NOT NULL
) ENGINE=MyISAM DEFAULT CHARSET=utf8 COLLATE=utf8_unicode_ci;

--
-- Dumping data for table `intense`
--

INSERT INTO `intense` (`intense_ID`, `intense_date`, `intense_time`, `lux`, `period_ID`) VALUES
(3, '2022-10-23', '17:23:34', 20, 7);

-- --------------------------------------------------------

--
-- Table structure for table `membership`
--

CREATE TABLE `membership` (
  `id_membership` int(11) NOT NULL,
  `email` varchar(255) COLLATE utf8_unicode_ci NOT NULL,
  `password` varchar(255) COLLATE utf8_unicode_ci NOT NULL
) ENGINE=MyISAM DEFAULT CHARSET=utf8 COLLATE=utf8_unicode_ci;

-- --------------------------------------------------------

--
-- Table structure for table `note`
--

CREATE TABLE `note` (
  `note_ID` int(11) NOT NULL,
  `topic` varchar(30) NOT NULL,
  `detail` varchar(255) NOT NULL,
  `last_edit` datetime NOT NULL DEFAULT current_timestamp() ON UPDATE current_timestamp(),
  `period_ID` int(11) NOT NULL
) ENGINE=InnoDB DEFAULT CHARSET=utf8mb4;

--
-- Dumping data for table `note`
--

INSERT INTO `note` (`note_ID`, `topic`, `detail`, `last_edit`, `period_ID`) VALUES
(1, '123', '1234', '2022-10-03 00:00:00', 1),
(3, 'cut flower', 'hello hello', '2022-10-03 00:00:00', 1),
(4, 'Cut Flower', '12345', '2022-10-04 00:00:00', 3),
(5, 'note01', 'note01', '2022-10-21 00:00:00', 7);

-- --------------------------------------------------------

--
-- Table structure for table `period`
--

CREATE TABLE `period` (
  `period_ID` int(11) NOT NULL,
  `create_date` date NOT NULL,
  `harvest_date` date NOT NULL,
  `planted_melon` int(11) NOT NULL,
  `gradeA` int(5) NOT NULL DEFAULT 0,
  `gradeB` int(5) NOT NULL DEFAULT 0,
  `gradeC` int(5) NOT NULL DEFAULT 0,
  `period_name` varchar(30) COLLATE utf8_unicode_ci NOT NULL,
  `greenhouse_ID` int(11) NOT NULL
) ENGINE=MyISAM DEFAULT CHARSET=utf8 COLLATE=utf8_unicode_ci;

--
-- Dumping data for table `period`
--

INSERT INTO `period` (`period_ID`, `create_date`, `harvest_date`, `planted_melon`, `gradeA`, `gradeB`, `gradeC`, `period_name`, `greenhouse_ID`) VALUES
(7, '2022-10-05', '2022-11-14', 60, 0, 0, 0, 'กรีนสวีท', 1);

-- --------------------------------------------------------

--
-- Table structure for table `temperature`
--

CREATE TABLE `temperature` (
  `temp_ID` int(11) NOT NULL,
  `temp_date` date NOT NULL DEFAULT current_timestamp(),
  `temp_time` time NOT NULL DEFAULT current_timestamp(),
  `celsius` float NOT NULL,
  `period_ID` int(11) NOT NULL
) ENGINE=MyISAM DEFAULT CHARSET=utf8 COLLATE=utf8_unicode_ci;

--
-- Dumping data for table `temperature`
--

INSERT INTO `temperature` (`temp_ID`, `temp_date`, `temp_time`, `celsius`, `period_ID`) VALUES
(1, '2022-10-23', '17:41:19', 20, 7);

-- --------------------------------------------------------

--
-- Table structure for table `watering`
--

CREATE TABLE `watering` (
  `water_ID` int(11) NOT NULL,
  `water_date` date NOT NULL DEFAULT current_timestamp(),
  `water_time` time NOT NULL DEFAULT current_timestamp(),
  `mL` float NOT NULL,
  `period_ID` int(11) NOT NULL
) ENGINE=InnoDB DEFAULT CHARSET=utf8mb4;

--
-- Dumping data for table `watering`
--

INSERT INTO `watering` (`water_ID`, `water_date`, `water_time`, `mL`, `period_ID`) VALUES
(1, '2022-10-03', '09:20:20', 0, 1),
(2, '2022-10-03', '09:20:21', 0, 1),
(5, '2022-07-01', '14:30:00', 0, 1),
(6, '2022-07-01', '14:30:00', 0, 1),
(7, '2022-07-01', '10:30:00', 0, 1),
(8, '2022-07-01', '12:30:00', 0, 2),
(9, '2022-07-01', '14:30:00', 0, 2),
(10, '2022-07-01', '08:30:00', 0, 2),
(11, '2022-07-01', '14:30:00', 0, 2),
(12, '2022-07-01', '16:30:00', 0, 1),
(13, '2022-07-01', '16:30:00', 0, 2),
(14, '2022-07-01', '10:30:00', 0, 2),
(15, '2022-07-01', '10:30:00', 0, 1),
(16, '2022-07-01', '08:30:00', 0, 2),
(17, '2022-07-02', '14:30:00', 0, 1),
(18, '2022-07-02', '08:30:00', 0, 2),
(19, '2022-07-02', '08:30:00', 0, 2),
(20, '2022-07-02', '08:30:00', 0, 2),
(21, '2022-07-02', '10:30:00', 0, 1),
(22, '2022-07-02', '12:30:00', 0, 2),
(23, '2022-07-02', '14:30:00', 0, 2),
(24, '2022-07-02', '12:30:00', 0, 2),
(25, '2022-07-02', '14:30:00', 0, 1),
(26, '2022-07-02', '12:30:00', 0, 1),
(27, '2022-07-02', '12:30:00', 0, 2),
(28, '2022-07-02', '14:30:00', 0, 2),
(29, '2022-07-02', '10:30:00', 0, 2),
(30, '2022-07-02', '08:30:00', 0, 1),
(31, '2022-07-02', '12:30:00', 0, 1),
(32, '2022-07-02', '14:30:00', 0, 2),
(33, '2022-07-02', '16:30:00', 0, 1),
(34, '2022-07-03', '12:30:00', 0, 1),
(35, '2022-07-03', '16:30:00', 0, 1),
(36, '2022-07-03', '12:30:00', 0, 2),
(37, '2022-07-03', '10:30:00', 0, 2),
(38, '2022-07-03', '10:30:00', 0, 1),
(39, '2022-07-03', '10:30:00', 0, 1),
(40, '2022-07-03', '14:30:00', 0, 2),
(41, '2022-07-03', '08:30:00', 0, 2),
(42, '2022-07-03', '08:30:00', 0, 1),
(43, '2022-07-03', '08:30:00', 0, 1),
(44, '2022-07-03', '08:30:00', 0, 1),
(45, '2022-07-04', '10:30:00', 0, 1),
(46, '2022-07-04', '12:30:00', 0, 2),
(47, '2022-07-04', '08:30:00', 0, 2),
(48, '2022-07-04', '10:30:00', 0, 1),
(49, '2022-07-04', '14:30:00', 0, 2),
(50, '2022-07-04', '10:30:00', 0, 2),
(51, '2022-07-04', '12:30:00', 0, 2),
(52, '2022-07-04', '10:30:00', 0, 2),
(53, '2022-07-04', '12:30:00', 0, 1),
(54, '2022-07-04', '14:30:00', 0, 1),
(55, '2022-07-04', '08:30:00', 0, 2),
(56, '2022-07-04', '14:30:00', 0, 1),
(57, '2022-07-04', '10:30:00', 0, 2),
(58, '2022-07-04', '08:30:00', 0, 1),
(59, '2022-07-04', '12:30:00', 0, 1),
(60, '2022-07-04', '10:30:00', 0, 2),
(61, '2022-07-04', '08:30:00', 0, 2),
(62, '2022-07-04', '08:30:00', 0, 2),
(63, '2022-07-04', '12:30:00', 0, 1),
(64, '2022-07-04', '12:30:00', 0, 2),
(65, '2022-07-04', '14:30:00', 0, 2),
(66, '2022-07-04', '08:30:00', 0, 1),
(67, '2022-07-05', '14:30:00', 0, 2),
(68, '2022-07-05', '08:30:00', 0, 1),
(69, '2022-07-05', '10:30:00', 0, 2),
(70, '2022-07-05', '16:30:00', 0, 2),
(71, '2022-07-05', '08:30:00', 0, 2),
(72, '2022-07-05', '08:30:00', 0, 1),
(73, '2022-07-05', '12:30:00', 0, 2),
(74, '2022-07-05', '10:30:00', 0, 2),
(75, '2022-07-05', '12:30:00', 0, 1),
(76, '2022-07-05', '08:30:00', 0, 2),
(77, '2022-07-05', '16:30:00', 0, 1),
(78, '2022-07-05', '12:30:00', 0, 2),
(79, '2022-07-05', '14:30:00', 0, 2),
(80, '2022-07-05', '10:30:00', 0, 1),
(81, '2022-07-05', '12:30:00', 0, 1),
(82, '2022-07-05', '14:30:00', 0, 1),
(83, '2022-07-06', '10:30:00', 0, 1),
(84, '2022-07-06', '14:30:00', 0, 1),
(85, '2022-07-06', '16:30:00', 0, 2),
(86, '2022-07-06', '12:30:00', 0, 2),
(87, '2022-07-06', '08:30:00', 0, 1),
(88, '2022-07-06', '12:30:00', 0, 2),
(89, '2022-07-06', '10:30:00', 0, 2),
(90, '2022-07-06', '14:30:00', 0, 1),
(91, '2022-07-06', '08:30:00', 0, 1),
(92, '2022-07-06', '14:30:00', 0, 1),
(93, '2022-07-06', '14:30:00', 0, 1),
(94, '2022-07-06', '12:30:00', 0, 1),
(95, '2022-07-06', '14:30:00', 0, 1),
(96, '2022-07-07', '16:30:00', 0, 2),
(97, '2022-07-07', '10:30:00', 0, 2),
(98, '2022-07-07', '08:30:00', 0, 2),
(99, '2022-07-07', '10:30:00', 0, 2),
(100, '2022-07-07', '14:30:00', 0, 1),
(101, '2022-07-07', '14:30:00', 0, 2),
(102, '2022-07-07', '14:30:00', 0, 1),
(103, '2022-07-07', '08:30:00', 0, 2),
(104, '2022-07-07', '12:30:00', 0, 2),
(105, '2022-07-07', '14:30:00', 0, 2),
(106, '2022-07-08', '14:30:00', 0, 1),
(107, '2022-07-08', '14:30:00', 0, 2),
(108, '2022-07-08', '14:30:00', 0, 2),
(109, '2022-07-08', '10:30:00', 0, 1),
(110, '2022-07-08', '14:30:00', 0, 2),
(111, '2022-07-08', '08:30:00', 0, 2),
(112, '2022-07-08', '16:30:00', 0, 2),
(113, '2022-07-08', '14:30:00', 0, 2),
(114, '2022-07-08', '16:30:00', 0, 1),
(115, '2022-07-08', '10:30:00', 0, 2),
(116, '2022-07-08', '14:30:00', 0, 1),
(117, '2022-07-08', '12:30:00', 0, 2),
(118, '2022-07-08', '08:30:00', 0, 1),
(119, '2022-07-08', '14:30:00', 0, 1),
(120, '2022-07-08', '16:30:00', 0, 1),
(121, '2022-07-08', '16:30:00', 0, 2),
(122, '2022-07-09', '12:30:00', 0, 2),
(123, '2022-07-09', '16:30:00', 0, 2),
(124, '2022-07-09', '08:30:00', 0, 2),
(125, '2022-07-09', '16:30:00', 0, 2),
(126, '2022-07-09', '14:30:00', 0, 1),
(127, '2022-07-09', '10:30:00', 0, 1),
(128, '2022-07-09', '16:30:00', 0, 2),
(129, '2022-07-09', '12:30:00', 0, 2),
(130, '2022-07-09', '08:30:00', 0, 1),
(131, '2022-07-09', '10:30:00', 0, 2),
(132, '2022-07-09', '16:30:00', 0, 1),
(133, '2022-07-09', '08:30:00', 0, 2),
(134, '2022-07-09', '12:30:00', 0, 2),
(135, '2022-07-09', '10:30:00', 0, 1),
(136, '2022-07-09', '10:30:00', 0, 1),
(137, '2022-07-10', '16:30:00', 0, 2),
(138, '2022-07-10', '16:30:00', 0, 2),
(139, '2022-07-10', '12:30:00', 0, 1),
(140, '2022-07-10', '10:30:00', 0, 1),
(141, '2022-07-10', '14:30:00', 0, 2),
(142, '2022-07-10', '08:30:00', 0, 1),
(143, '2022-07-10', '08:30:00', 0, 1),
(144, '2022-07-10', '14:30:00', 0, 2),
(145, '2022-07-10', '14:30:00', 0, 1),
(146, '2022-07-10', '08:30:00', 0, 2),
(147, '2022-07-10', '16:30:00', 0, 2),
(148, '2022-07-10', '10:30:00', 0, 2),
(149, '2022-07-10', '10:30:00', 0, 2),
(150, '2022-07-10', '12:30:00', 0, 1),
(151, '2022-07-10', '16:30:00', 0, 2),
(152, '2022-07-11', '16:30:00', 0, 2),
(153, '2022-07-11', '08:30:00', 0, 1),
(154, '2022-07-11', '14:30:00', 0, 2),
(155, '2022-07-11', '14:30:00', 0, 2),
(156, '2022-07-11', '10:30:00', 0, 2),
(157, '2022-07-11', '16:30:00', 0, 1),
(158, '2022-07-11', '08:30:00', 0, 2),
(159, '2022-07-11', '14:30:00', 0, 1),
(160, '2022-07-11', '16:30:00', 0, 1),
(161, '2022-07-11', '08:30:00', 0, 2),
(162, '2022-07-11', '14:30:00', 0, 1),
(163, '2022-07-11', '08:30:00', 0, 1),
(164, '2022-07-11', '14:30:00', 0, 1),
(165, '2022-07-11', '16:30:00', 0, 1),
(166, '2022-07-11', '10:30:00', 0, 2),
(167, '2022-07-12', '14:30:00', 0, 2),
(168, '2022-07-12', '14:30:00', 0, 1),
(169, '2022-07-12', '10:30:00', 0, 2),
(170, '2022-07-12', '08:30:00', 0, 2),
(171, '2022-07-12', '14:30:00', 0, 2),
(172, '2022-07-12', '10:30:00', 0, 2),
(173, '2022-07-12', '08:30:00', 0, 2),
(174, '2022-07-12', '12:30:00', 0, 1),
(175, '2022-07-12', '08:30:00', 0, 1),
(176, '2022-07-12', '08:30:00', 0, 2),
(177, '2022-07-13', '10:30:00', 0, 1),
(178, '2022-07-13', '08:30:00', 0, 2),
(179, '2022-07-13', '12:30:00', 0, 2),
(180, '2022-07-13', '12:30:00', 0, 2),
(181, '2022-07-13', '14:30:00', 0, 2),
(182, '2022-07-13', '12:30:00', 0, 2),
(183, '2022-07-13', '12:30:00', 0, 1),
(184, '2022-07-13', '16:30:00', 0, 1),
(185, '2022-07-13', '16:30:00', 0, 2),
(186, '2022-07-13', '08:30:00', 0, 1),
(187, '2022-07-13', '08:30:00', 0, 1),
(188, '2022-07-14', '10:30:00', 0, 2),
(189, '2022-07-14', '08:30:00', 0, 1),
(190, '2022-07-14', '16:30:00', 0, 1),
(191, '2022-07-14', '08:30:00', 0, 2),
(192, '2022-07-14', '14:30:00', 0, 2),
(193, '2022-07-14', '10:30:00', 0, 1),
(194, '2022-07-14', '14:30:00', 0, 2),
(195, '2022-07-14', '12:30:00', 0, 2),
(196, '2022-07-14', '08:30:00', 0, 2),
(197, '2022-07-14', '12:30:00', 0, 2),
(198, '2022-07-14', '08:30:00', 0, 2),
(199, '2022-07-14', '16:30:00', 0, 2),
(200, '2022-07-14', '12:30:00', 0, 1),
(201, '2022-07-14', '10:30:00', 0, 1),
(202, '2022-07-15', '14:30:00', 0, 1),
(203, '2022-07-15', '10:30:00', 0, 1),
(204, '2022-07-15', '16:30:00', 0, 1),
(205, '2022-07-15', '12:30:00', 0, 2),
(206, '2022-07-15', '12:30:00', 0, 1),
(207, '2022-07-15', '16:30:00', 0, 2),
(208, '2022-07-15', '14:30:00', 0, 2),
(209, '2022-07-15', '10:30:00', 0, 1),
(210, '2022-07-15', '12:30:00', 0, 1),
(211, '2022-07-16', '14:30:00', 0, 1),
(212, '2022-07-16', '12:30:00', 0, 2),
(213, '2022-07-16', '08:30:00', 0, 1),
(214, '2022-07-16', '12:30:00', 0, 1),
(215, '2022-07-16', '16:30:00', 0, 2),
(216, '2022-07-16', '10:30:00', 0, 1),
(217, '2022-07-16', '16:30:00', 0, 1),
(218, '2022-07-16', '08:30:00', 0, 2),
(219, '2022-07-16', '16:30:00', 0, 2),
(220, '2022-07-16', '10:30:00', 0, 1),
(221, '2022-07-16', '16:30:00', 0, 1),
(222, '2022-07-16', '16:30:00', 0, 1),
(223, '2022-07-16', '12:30:00', 0, 2),
(224, '2022-07-16', '14:30:00', 0, 1),
(225, '2022-07-16', '12:30:00', 0, 2),
(226, '2022-07-16', '10:30:00', 0, 2),
(227, '2022-07-16', '12:30:00', 0, 1),
(228, '2022-07-17', '16:30:00', 0, 2),
(229, '2022-07-17', '12:30:00', 0, 1),
(230, '2022-07-17', '08:30:00', 0, 1),
(231, '2022-07-17', '16:30:00', 0, 2),
(232, '2022-07-17', '12:30:00', 0, 1),
(233, '2022-07-17', '10:30:00', 0, 2),
(234, '2022-07-17', '08:30:00', 0, 2),
(235, '2022-07-17', '14:30:00', 0, 2),
(236, '2022-07-17', '10:30:00', 0, 1),
(237, '2022-07-17', '14:30:00', 0, 1),
(238, '2022-07-17', '10:30:00', 0, 2),
(239, '2022-07-18', '10:30:00', 0, 2),
(240, '2022-07-18', '12:30:00', 0, 2),
(241, '2022-07-18', '10:30:00', 0, 1),
(242, '2022-07-18', '08:30:00', 0, 1),
(243, '2022-07-18', '12:30:00', 0, 1),
(244, '2022-07-18', '10:30:00', 0, 2),
(245, '2022-07-18', '14:30:00', 0, 1),
(246, '2022-07-18', '12:30:00', 0, 1),
(247, '2022-07-18', '12:30:00', 0, 1),
(248, '2022-07-18', '16:30:00', 0, 2),
(249, '2022-07-18', '12:30:00', 0, 1),
(250, '2022-07-18', '08:30:00', 0, 2),
(251, '2022-07-18', '10:30:00', 0, 2),
(252, '2022-07-18', '08:30:00', 0, 1),
(253, '2022-07-18', '08:30:00', 0, 1),
(254, '2022-07-19', '16:30:00', 0, 2),
(255, '2022-07-19', '12:30:00', 0, 1),
(256, '2022-07-19', '12:30:00', 0, 1),
(257, '2022-07-19', '16:30:00', 0, 1),
(258, '2022-07-19', '12:30:00', 0, 2),
(259, '2022-07-19', '08:30:00', 0, 1),
(260, '2022-07-20', '08:30:00', 0, 1),
(261, '2022-07-20', '10:30:00', 0, 2),
(262, '2022-07-20', '10:30:00', 0, 2),
(263, '2022-07-20', '12:30:00', 0, 2),
(264, '2022-07-20', '16:30:00', 0, 2),
(265, '2022-07-20', '16:30:00', 0, 1),
(266, '2022-07-20', '14:30:00', 0, 1),
(267, '2022-07-20', '14:30:00', 0, 2),
(268, '2022-07-20', '08:30:00', 0, 2),
(269, '2022-07-20', '16:30:00', 0, 2),
(270, '2022-07-20', '10:30:00', 0, 2),
(271, '2022-07-20', '10:30:00', 0, 1),
(272, '2022-07-20', '08:30:00', 0, 2),
(273, '2022-07-20', '16:30:00', 0, 1),
(274, '2022-07-20', '16:30:00', 0, 1),
(275, '2022-07-20', '12:30:00', 0, 2),
(276, '2022-07-20', '16:30:00', 0, 1),
(277, '2022-07-21', '16:30:00', 0, 2),
(278, '2022-07-21', '12:30:00', 0, 2),
(279, '2022-07-21', '08:30:00', 0, 1),
(280, '2022-07-21', '08:30:00', 0, 2),
(281, '2022-07-21', '14:30:00', 0, 2),
(282, '2022-07-21', '08:30:00', 0, 1),
(283, '2022-07-21', '10:30:00', 0, 1),
(284, '2022-07-21', '12:30:00', 0, 1),
(285, '2022-07-21', '08:30:00', 0, 1),
(286, '2022-07-21', '16:30:00', 0, 2),
(287, '2022-07-21', '12:30:00', 0, 1),
(288, '2022-07-21', '12:30:00', 0, 1),
(289, '2022-07-21', '10:30:00', 0, 2),
(290, '2022-07-21', '08:30:00', 0, 2),
(291, '2022-07-21', '08:30:00', 0, 1),
(292, '2022-07-21', '12:30:00', 0, 1),
(293, '2022-07-22', '16:30:00', 0, 1),
(294, '2022-07-22', '08:30:00', 0, 2),
(295, '2022-07-22', '16:30:00', 0, 1),
(296, '2022-07-22', '16:30:00', 0, 1),
(297, '2022-07-22', '10:30:00', 0, 2),
(298, '2022-07-22', '08:30:00', 0, 2),
(299, '2022-07-22', '08:30:00', 0, 1),
(300, '2022-07-22', '08:30:00', 0, 2),
(301, '2022-07-22', '08:30:00', 0, 1),
(302, '2022-07-22', '12:30:00', 0, 1),
(303, '2022-07-22', '10:30:00', 0, 2),
(304, '2022-07-22', '10:30:00', 0, 1),
(305, '2022-07-22', '12:30:00', 0, 1),
(306, '2022-07-22', '12:30:00', 0, 1),
(307, '2022-07-22', '16:30:00', 0, 1),
(308, '2022-07-22', '14:30:00', 0, 1),
(309, '2022-07-22', '16:30:00', 0, 2),
(310, '2022-07-22', '08:30:00', 0, 1),
(311, '2022-07-22', '16:30:00', 0, 1),
(312, '2022-07-22', '16:30:00', 0, 1),
(313, '2022-07-23', '08:30:00', 0, 1),
(314, '2022-07-23', '16:30:00', 0, 2),
(315, '2022-07-23', '10:30:00', 0, 2),
(316, '2022-07-23', '10:30:00', 0, 2),
(317, '2022-07-23', '16:30:00', 0, 1),
(318, '2022-07-23', '10:30:00', 0, 1),
(319, '2022-07-23', '16:30:00', 0, 1),
(320, '2022-07-23', '10:30:00', 0, 1),
(321, '2022-07-23', '16:30:00', 0, 1),
(322, '2022-07-23', '10:30:00', 0, 2),
(323, '2022-07-23', '16:30:00', 0, 1),
(324, '2022-07-23', '14:30:00', 0, 1),
(325, '2022-07-23', '08:30:00', 0, 2),
(326, '2022-07-23', '08:30:00', 0, 1),
(327, '2022-07-23', '08:30:00', 0, 2),
(328, '2022-07-23', '12:30:00', 0, 1),
(329, '2022-07-23', '08:30:00', 0, 2),
(330, '2022-07-23', '08:30:00', 0, 1),
(331, '2022-07-23', '10:30:00', 0, 1),
(332, '2022-07-23', '14:30:00', 0, 1),
(333, '2022-07-23', '12:30:00', 0, 2),
(334, '2022-07-24', '16:30:00', 0, 1),
(335, '2022-07-24', '12:30:00', 0, 2),
(336, '2022-07-24', '16:30:00', 0, 1),
(337, '2022-07-24', '12:30:00', 0, 1),
(338, '2022-07-24', '16:30:00', 0, 1),
(339, '2022-07-24', '08:30:00', 0, 1),
(340, '2022-07-24', '16:30:00', 0, 1),
(341, '2022-07-24', '10:30:00', 0, 1),
(342, '2022-07-24', '16:30:00', 0, 1),
(343, '2022-07-24', '12:30:00', 0, 2),
(344, '2022-07-24', '16:30:00', 0, 2),
(345, '2022-07-24', '12:30:00', 0, 1),
(346, '2022-07-24', '12:30:00', 0, 1),
(347, '2022-07-25', '08:30:00', 0, 2),
(348, '2022-07-25', '16:30:00', 0, 1),
(349, '2022-07-25', '08:30:00', 0, 1),
(350, '2022-07-25', '08:30:00', 0, 2),
(351, '2022-07-25', '08:30:00', 0, 2),
(352, '2022-07-25', '14:30:00', 0, 1),
(353, '2022-07-25', '12:30:00', 0, 1),
(354, '2022-07-25', '12:30:00', 0, 1),
(355, '2022-07-25', '08:30:00', 0, 1),
(356, '2022-07-25', '08:30:00', 0, 2),
(357, '2022-07-26', '08:30:00', 0, 2),
(358, '2022-07-26', '10:30:00', 0, 2),
(359, '2022-07-26', '14:30:00', 0, 1),
(360, '2022-07-26', '08:30:00', 0, 2),
(361, '2022-07-26', '08:30:00', 0, 1),
(362, '2022-07-26', '14:30:00', 0, 2),
(363, '2022-07-26', '14:30:00', 0, 1),
(364, '2022-07-26', '10:30:00', 0, 1),
(365, '2022-07-26', '14:30:00', 0, 1),
(366, '2022-07-26', '10:30:00', 0, 2),
(367, '2022-07-26', '12:30:00', 0, 1),
(368, '2022-07-27', '14:30:00', 0, 1),
(369, '2022-07-27', '16:30:00', 0, 1),
(370, '2022-07-27', '12:30:00', 0, 2),
(371, '2022-07-27', '14:30:00', 0, 1),
(372, '2022-07-27', '08:30:00', 0, 2),
(373, '2022-07-27', '14:30:00', 0, 1),
(374, '2022-07-27', '08:30:00', 0, 2),
(375, '2022-07-27', '16:30:00', 0, 2),
(376, '2022-07-27', '12:30:00', 0, 1),
(377, '2022-07-27', '10:30:00', 0, 1),
(378, '2022-07-27', '16:30:00', 0, 2),
(379, '2022-07-27', '12:30:00', 0, 2),
(380, '2022-07-27', '14:30:00', 0, 2),
(381, '2022-07-27', '16:30:00', 0, 2),
(382, '2022-07-27', '12:30:00', 0, 1),
(383, '2022-07-28', '08:30:00', 0, 1),
(384, '2022-07-28', '10:30:00', 0, 1),
(385, '2022-07-28', '12:30:00', 0, 1),
(386, '2022-07-28', '16:30:00', 0, 2),
(387, '2022-07-28', '12:30:00', 0, 1),
(388, '2022-07-28', '12:30:00', 0, 2),
(389, '2022-07-28', '08:30:00', 0, 1),
(390, '2022-07-28', '14:30:00', 0, 2),
(391, '2022-07-28', '16:30:00', 0, 1),
(392, '2022-07-28', '10:30:00', 0, 1),
(393, '2022-07-28', '16:30:00', 0, 2),
(394, '2022-07-28', '12:30:00', 0, 2),
(395, '2022-07-29', '16:30:00', 0, 2),
(396, '2022-07-29', '10:30:00', 0, 1),
(397, '2022-07-29', '08:30:00', 0, 2),
(398, '2022-07-29', '10:30:00', 0, 2),
(399, '2022-07-29', '16:30:00', 0, 1),
(400, '2022-07-29', '12:30:00', 0, 1),
(401, '2022-07-29', '14:30:00', 0, 1),
(402, '2022-07-29', '12:30:00', 0, 2),
(403, '2022-07-29', '16:30:00', 0, 2),
(404, '2022-07-30', '16:30:00', 0, 2),
(405, '2022-07-30', '16:30:00', 0, 1),
(406, '2022-07-30', '08:30:00', 0, 1),
(407, '2022-07-30', '10:30:00', 0, 2),
(408, '2022-07-30', '12:30:00', 0, 1),
(409, '2022-07-30', '16:30:00', 0, 2),
(410, '2022-07-30', '08:30:00', 0, 2),
(411, '2022-07-30', '12:30:00', 0, 1),
(412, '2022-07-30', '16:30:00', 0, 2),
(413, '2022-07-30', '12:30:00', 0, 1),
(414, '2022-07-30', '12:30:00', 0, 2),
(415, '2022-07-30', '08:30:00', 0, 2),
(416, '2022-07-30', '12:30:00', 0, 1),
(417, '2022-07-30', '14:30:00', 0, 1),
(418, '2022-07-30', '12:30:00', 0, 2),
(419, '2022-07-30', '16:30:00', 0, 2),
(420, '2022-07-30', '16:30:00', 0, 1),
(421, '2022-07-31', '14:30:00', 0, 2),
(422, '2022-07-31', '10:30:00', 0, 2),
(423, '2022-07-31', '16:30:00', 0, 1),
(424, '2022-07-31', '14:30:00', 0, 1),
(425, '2022-07-31', '16:30:00', 0, 1),
(426, '2022-07-31', '14:30:00', 0, 2),
(427, '2022-07-31', '12:30:00', 0, 1),
(428, '2022-07-31', '08:30:00', 0, 1),
(429, '2022-07-31', '12:30:00', 0, 1),
(430, '2022-07-31', '12:30:00', 0, 2),
(431, '2022-07-31', '10:30:00', 0, 2),
(432, '2022-07-31', '14:30:00', 0, 2),
(433, '2022-07-31', '12:30:00', 0, 2),
(434, '2022-08-01', '14:30:00', 0, 2),
(435, '2022-08-01', '16:30:00', 0, 2),
(436, '2022-08-01', '12:30:00', 0, 1),
(437, '2022-08-01', '12:30:00', 0, 1),
(438, '2022-08-01', '08:30:00', 0, 1),
(439, '2022-08-01', '10:30:00', 0, 1),
(440, '2022-08-01', '08:30:00', 0, 1),
(441, '2022-08-01', '12:30:00', 0, 1),
(442, '2022-08-01', '10:30:00', 0, 2),
(443, '2022-08-01', '12:30:00', 0, 1),
(444, '2022-08-01', '12:30:00', 0, 1),
(445, '2022-08-01', '12:30:00', 0, 1),
(446, '2022-08-02', '16:30:00', 0, 2),
(447, '2022-08-02', '12:30:00', 0, 1),
(448, '2022-08-02', '10:30:00', 0, 1),
(449, '2022-08-02', '16:30:00', 0, 1),
(450, '2022-08-02', '12:30:00', 0, 2),
(451, '2022-08-02', '10:30:00', 0, 2),
(452, '2022-08-02', '08:30:00', 0, 2),
(453, '2022-08-02', '12:30:00', 0, 2),
(454, '2022-08-02', '08:30:00', 0, 1),
(455, '2022-08-02', '08:30:00', 0, 2),
(456, '2022-08-02', '14:30:00', 0, 1),
(457, '2022-08-02', '16:30:00', 0, 1),
(458, '2022-08-02', '08:30:00', 0, 1),
(459, '2022-08-02', '08:30:00', 0, 1),
(460, '2022-08-02', '12:30:00', 0, 2),
(461, '2022-08-02', '12:30:00', 0, 2),
(462, '2022-08-02', '10:30:00', 0, 2),
(463, '2022-08-02', '10:30:00', 0, 2),
(464, '2022-08-02', '16:30:00', 0, 1),
(465, '2022-08-03', '16:30:00', 0, 2),
(466, '2022-08-03', '12:30:00', 0, 2),
(467, '2022-08-03', '16:30:00', 0, 2),
(468, '2022-08-03', '16:30:00', 0, 1),
(469, '2022-08-03', '16:30:00', 0, 1),
(470, '2022-08-03', '16:30:00', 0, 1),
(471, '2022-08-03', '10:30:00', 0, 2),
(472, '2022-08-03', '16:30:00', 0, 2),
(473, '2022-08-03', '10:30:00', 0, 1),
(474, '2022-08-03', '14:30:00', 0, 2),
(475, '2022-08-03', '14:30:00', 0, 2),
(476, '2022-08-04', '10:30:00', 0, 2),
(477, '2022-08-04', '14:30:00', 0, 1),
(478, '2022-08-04', '14:30:00', 0, 1),
(479, '2022-08-04', '12:30:00', 0, 2),
(480, '2022-08-04', '12:30:00', 0, 2),
(481, '2022-08-04', '12:30:00', 0, 1),
(482, '2022-08-04', '12:30:00', 0, 2),
(483, '2022-08-04', '16:30:00', 0, 2),
(484, '2022-08-04', '08:30:00', 0, 2),
(485, '2022-08-04', '10:30:00', 0, 2),
(486, '2022-08-05', '10:30:00', 0, 1),
(487, '2022-08-05', '08:30:00', 0, 1),
(488, '2022-08-05', '16:30:00', 0, 2),
(489, '2022-08-05', '16:30:00', 0, 2),
(490, '2022-08-05', '16:30:00', 0, 1),
(491, '2022-08-05', '16:30:00', 0, 2),
(492, '2022-08-05', '12:30:00', 0, 1),
(493, '2022-08-05', '14:30:00', 0, 1),
(494, '2022-08-05', '08:30:00', 0, 1),
(495, '2022-08-05', '16:30:00', 0, 2),
(496, '2022-08-05', '16:30:00', 0, 1),
(497, '2022-08-05', '14:30:00', 0, 2),
(498, '2022-08-05', '16:30:00', 0, 2),
(499, '2022-08-05', '12:30:00', 0, 1),
(500, '2022-08-05', '12:30:00', 0, 2),
(501, '2022-08-05', '16:30:00', 0, 2),
(502, '2022-08-05', '08:30:00', 0, 1),
(503, '2022-08-05', '14:30:00', 0, 2),
(504, '2022-08-05', '14:30:00', 0, 1),
(505, '2022-08-05', '08:30:00', 0, 1),
(506, '2022-08-06', '14:30:00', 0, 1),
(507, '2022-08-06', '08:30:00', 0, 1),
(508, '2022-08-06', '10:30:00', 0, 2),
(509, '2022-08-06', '14:30:00', 0, 1),
(510, '2022-08-06', '16:30:00', 0, 2),
(511, '2022-08-06', '10:30:00', 0, 1),
(512, '2022-08-06', '08:30:00', 0, 2),
(513, '2022-08-06', '12:30:00', 0, 2),
(514, '2022-08-06', '10:30:00', 0, 2),
(515, '2022-08-06', '16:30:00', 0, 2),
(516, '2022-08-06', '10:30:00', 0, 1),
(517, '2022-08-07', '14:30:00', 0, 2),
(518, '2022-08-07', '16:30:00', 0, 1),
(519, '2022-08-07', '08:30:00', 0, 2),
(520, '2022-08-07', '10:30:00', 0, 1),
(521, '2022-08-07', '08:30:00', 0, 1),
(522, '2022-08-07', '08:30:00', 0, 1),
(523, '2022-08-07', '12:30:00', 0, 1),
(524, '2022-08-07', '14:30:00', 0, 1),
(525, '2022-08-08', '12:30:00', 0, 1),
(526, '2022-08-08', '12:30:00', 0, 1),
(527, '2022-08-08', '08:30:00', 0, 2),
(528, '2022-08-08', '14:30:00', 0, 1),
(529, '2022-08-08', '12:30:00', 0, 1),
(530, '2022-08-08', '10:30:00', 0, 2),
(531, '2022-08-08', '16:30:00', 0, 1),
(532, '2022-08-08', '12:30:00', 0, 2),
(533, '2022-08-08', '08:30:00', 0, 1),
(534, '2022-08-08', '14:30:00', 0, 1),
(535, '2022-08-08', '12:30:00', 0, 2),
(536, '2022-08-08', '16:30:00', 0, 2),
(537, '2022-08-08', '14:30:00', 0, 1),
(538, '2022-08-08', '08:30:00', 0, 1),
(539, '2022-08-08', '10:30:00', 0, 2),
(540, '2022-08-09', '12:30:00', 0, 1),
(541, '2022-08-09', '16:30:00', 0, 2),
(542, '2022-08-09', '14:30:00', 0, 2),
(543, '2022-08-09', '14:30:00', 0, 2),
(544, '2022-08-09', '16:30:00', 0, 2),
(545, '2022-08-09', '16:30:00', 0, 1),
(546, '2022-08-09', '08:30:00', 0, 1),
(547, '2022-08-09', '10:30:00', 0, 2),
(548, '2022-08-09', '14:30:00', 0, 2),
(549, '2022-08-09', '12:30:00', 0, 2),
(550, '2022-08-09', '10:30:00', 0, 1),
(551, '2022-08-09', '10:30:00', 0, 1),
(552, '2022-08-10', '14:30:00', 0, 2),
(553, '2022-08-10', '12:30:00', 0, 2),
(554, '2022-08-10', '10:30:00', 0, 2),
(555, '2022-08-10', '10:30:00', 0, 2),
(556, '2022-08-10', '12:30:00', 0, 1),
(557, '2022-08-10', '12:30:00', 0, 1),
(558, '2022-08-10', '10:30:00', 0, 2),
(559, '2022-08-10', '10:30:00', 0, 1),
(560, '2022-08-10', '10:30:00', 0, 1),
(561, '2022-08-10', '08:30:00', 0, 1),
(562, '2022-08-10', '14:30:00', 0, 1),
(563, '2022-08-10', '12:30:00', 0, 2),
(564, '2022-08-10', '12:30:00', 0, 2),
(565, '2022-08-10', '08:30:00', 0, 1),
(566, '2022-08-10', '10:30:00', 0, 2),
(567, '2022-08-10', '14:30:00', 0, 2),
(568, '2022-08-10', '14:30:00', 0, 2),
(569, '2022-08-10', '08:30:00', 0, 1),
(570, '2022-08-10', '10:30:00', 0, 1),
(571, '2022-08-10', '14:30:00', 0, 2),
(572, '2022-08-10', '16:30:00', 0, 2),
(573, '2022-08-11', '08:30:00', 0, 1),
(574, '2022-08-11', '10:30:00', 0, 2),
(575, '2022-08-11', '08:30:00', 0, 1),
(576, '2022-08-11', '08:30:00', 0, 2),
(577, '2022-08-11', '08:30:00', 0, 1),
(578, '2022-08-11', '08:30:00', 0, 1),
(579, '2022-08-11', '10:30:00', 0, 1),
(580, '2022-08-11', '16:30:00', 0, 1),
(581, '2022-08-11', '08:30:00', 0, 1),
(582, '2022-08-11', '12:30:00', 0, 2),
(583, '2022-08-11', '14:30:00', 0, 1),
(584, '2022-08-11', '08:30:00', 0, 1),
(585, '2022-08-11', '14:30:00', 0, 1),
(586, '2022-08-11', '14:30:00', 0, 1),
(587, '2022-08-12', '12:30:00', 0, 2),
(588, '2022-08-12', '16:30:00', 0, 1),
(589, '2022-08-12', '16:30:00', 0, 1),
(590, '2022-08-12', '08:30:00', 0, 1),
(591, '2022-08-12', '10:30:00', 0, 1),
(592, '2022-08-12', '10:30:00', 0, 2),
(593, '2022-08-12', '14:30:00', 0, 2),
(594, '2022-08-12', '16:30:00', 0, 1),
(595, '2022-08-12', '16:30:00', 0, 1),
(596, '2022-08-12', '10:30:00', 0, 1),
(597, '2022-08-12', '10:30:00', 0, 2),
(598, '2022-08-12', '12:30:00', 0, 1),
(599, '2022-08-12', '16:30:00', 0, 1),
(600, '2022-08-12', '12:30:00', 0, 2),
(601, '2022-08-12', '12:30:00', 0, 1),
(602, '2022-08-12', '08:30:00', 0, 2),
(603, '2022-08-12', '08:30:00', 0, 2),
(604, '2022-08-12', '10:30:00', 0, 1),
(605, '2022-08-12', '10:30:00', 0, 2),
(606, '2022-08-12', '10:30:00', 0, 1),
(607, '2022-08-12', '14:30:00', 0, 1),
(608, '2022-08-13', '12:30:00', 0, 2),
(609, '2022-08-13', '08:30:00', 0, 1),
(610, '2022-08-13', '16:30:00', 0, 1),
(611, '2022-08-13', '10:30:00', 0, 2),
(612, '2022-08-13', '12:30:00', 0, 2),
(613, '2022-08-13', '08:30:00', 0, 1),
(614, '2022-08-13', '14:30:00', 0, 2),
(615, '2022-08-13', '14:30:00', 0, 1),
(616, '2022-08-13', '08:30:00', 0, 1),
(617, '2022-08-13', '14:30:00', 0, 2),
(618, '2022-08-13', '10:30:00', 0, 2),
(619, '2022-08-13', '14:30:00', 0, 2),
(620, '2022-08-13', '14:30:00', 0, 1),
(621, '2022-08-13', '08:30:00', 0, 1),
(622, '2022-08-13', '10:30:00', 0, 2),
(623, '2022-08-13', '14:30:00', 0, 1),
(624, '2022-08-13', '16:30:00', 0, 1),
(625, '2022-08-13', '14:30:00', 0, 2),
(626, '2022-08-14', '16:30:00', 0, 2),
(627, '2022-08-14', '10:30:00', 0, 2),
(628, '2022-08-14', '12:30:00', 0, 2),
(629, '2022-08-14', '10:30:00', 0, 1),
(630, '2022-08-14', '16:30:00', 0, 1),
(631, '2022-08-14', '14:30:00', 0, 1),
(632, '2022-08-14', '08:30:00', 0, 2),
(633, '2022-08-14', '10:30:00', 0, 2),
(634, '2022-08-14', '10:30:00', 0, 2),
(635, '2022-08-14', '12:30:00', 0, 2),
(636, '2022-08-14', '12:30:00', 0, 1),
(637, '2022-08-14', '14:30:00', 0, 1),
(638, '2022-08-15', '16:30:00', 0, 1),
(639, '2022-08-15', '14:30:00', 0, 1),
(640, '2022-08-15', '14:30:00', 0, 1),
(641, '2022-08-15', '10:30:00', 0, 2),
(642, '2022-08-15', '16:30:00', 0, 2),
(643, '2022-08-15', '10:30:00', 0, 1),
(644, '2022-08-15', '16:30:00', 0, 2),
(645, '2022-08-15', '14:30:00', 0, 1),
(646, '2022-08-15', '16:30:00', 0, 1),
(647, '2022-08-15', '08:30:00', 0, 1),
(648, '2022-08-15', '08:30:00', 0, 2),
(649, '2022-08-15', '08:30:00', 0, 1),
(650, '2022-08-15', '08:30:00', 0, 2),
(651, '2022-08-16', '08:30:00', 0, 2),
(652, '2022-08-16', '14:30:00', 0, 2),
(653, '2022-08-16', '10:30:00', 0, 1),
(654, '2022-08-16', '08:30:00', 0, 1),
(655, '2022-08-16', '10:30:00', 0, 1),
(656, '2022-08-16', '16:30:00', 0, 1),
(657, '2022-08-16', '14:30:00', 0, 1),
(658, '2022-08-16', '16:30:00', 0, 1),
(659, '2022-08-16', '12:30:00', 0, 2),
(660, '2022-08-17', '16:30:00', 0, 1),
(661, '2022-08-17', '08:30:00', 0, 2),
(662, '2022-08-17', '14:30:00', 0, 1),
(663, '2022-08-17', '14:30:00', 0, 2),
(664, '2022-08-17', '16:30:00', 0, 1),
(665, '2022-08-17', '14:30:00', 0, 1),
(666, '2022-08-17', '14:30:00', 0, 1),
(667, '2022-08-17', '08:30:00', 0, 2),
(668, '2022-08-17', '10:30:00', 0, 1),
(669, '2022-08-17', '12:30:00', 0, 1),
(670, '2022-08-17', '08:30:00', 0, 1),
(671, '2022-08-17', '12:30:00', 0, 1),
(672, '2022-08-17', '16:30:00', 0, 2),
(673, '2022-08-17', '14:30:00', 0, 1),
(674, '2022-08-17', '12:30:00', 0, 2),
(675, '2022-08-17', '12:30:00', 0, 2),
(676, '2022-08-17', '12:30:00', 0, 2),
(677, '2022-08-17', '16:30:00', 0, 1),
(678, '2022-08-18', '08:30:00', 0, 1),
(679, '2022-08-18', '08:30:00', 0, 1),
(680, '2022-08-18', '08:30:00', 0, 2),
(681, '2022-08-18', '14:30:00', 0, 1),
(682, '2022-08-18', '14:30:00', 0, 2),
(683, '2022-08-18', '16:30:00', 0, 2),
(684, '2022-08-18', '08:30:00', 0, 1),
(685, '2022-08-18', '12:30:00', 0, 1),
(686, '2022-08-18', '14:30:00', 0, 1),
(687, '2022-08-18', '14:30:00', 0, 1),
(688, '2022-08-18', '14:30:00', 0, 2),
(689, '2022-08-18', '14:30:00', 0, 1),
(690, '2022-08-18', '14:30:00', 0, 2),
(691, '2022-08-18', '16:30:00', 0, 2),
(692, '2022-08-18', '10:30:00', 0, 2),
(693, '2022-08-18', '10:30:00', 0, 2),
(694, '2022-08-18', '12:30:00', 0, 2),
(695, '2022-08-19', '14:30:00', 0, 1),
(696, '2022-08-19', '16:30:00', 0, 1),
(697, '2022-08-19', '12:30:00', 0, 1),
(698, '2022-08-19', '16:30:00', 0, 2),
(699, '2022-08-19', '14:30:00', 0, 1),
(700, '2022-08-19', '08:30:00', 0, 2),
(701, '2022-08-19', '12:30:00', 0, 2),
(702, '2022-08-19', '12:30:00', 0, 1),
(703, '2022-08-20', '16:30:00', 0, 2),
(704, '2022-08-20', '10:30:00', 0, 2),
(705, '2022-08-20', '16:30:00', 0, 2),
(706, '2022-08-20', '12:30:00', 0, 1),
(707, '2022-08-20', '10:30:00', 0, 2),
(708, '2022-08-20', '16:30:00', 0, 2),
(709, '2022-08-20', '12:30:00', 0, 2),
(710, '2022-08-20', '10:30:00', 0, 1),
(711, '2022-08-20', '08:30:00', 0, 1),
(712, '2022-08-20', '14:30:00', 0, 1),
(713, '2022-08-20', '16:30:00', 0, 2),
(714, '2022-08-20', '14:30:00', 0, 1),
(715, '2022-08-20', '08:30:00', 0, 2),
(716, '2022-08-21', '08:30:00', 0, 1),
(717, '2022-08-21', '08:30:00', 0, 1),
(718, '2022-08-21', '12:30:00', 0, 2),
(719, '2022-08-21', '14:30:00', 0, 1),
(720, '2022-08-21', '14:30:00', 0, 1),
(721, '2022-08-21', '16:30:00', 0, 2),
(722, '2022-08-21', '08:30:00', 0, 1),
(723, '2022-08-21', '10:30:00', 0, 1),
(724, '2022-08-21', '10:30:00', 0, 1),
(725, '2022-08-21', '08:30:00', 0, 1),
(726, '2022-08-21', '16:30:00', 0, 2),
(727, '2022-08-21', '08:30:00', 0, 1),
(728, '2022-08-21', '16:30:00', 0, 2),
(729, '2022-08-22', '16:30:00', 0, 1),
(730, '2022-08-22', '12:30:00', 0, 2),
(731, '2022-08-22', '16:30:00', 0, 2),
(732, '2022-08-22', '16:30:00', 0, 2),
(733, '2022-08-22', '16:30:00', 0, 2),
(734, '2022-08-22', '10:30:00', 0, 1),
(735, '2022-08-22', '08:30:00', 0, 2),
(736, '2022-08-22', '10:30:00', 0, 2),
(737, '2022-08-22', '10:30:00', 0, 1),
(738, '2022-08-22', '08:30:00', 0, 1),
(739, '2022-08-22', '10:30:00', 0, 1),
(740, '2022-08-22', '14:30:00', 0, 1),
(741, '2022-08-22', '10:30:00', 0, 2),
(742, '2022-08-22', '16:30:00', 0, 1),
(743, '2022-08-22', '14:30:00', 0, 1),
(744, '2022-08-22', '12:30:00', 0, 1),
(745, '2022-08-22', '16:30:00', 0, 1),
(746, '2022-08-22', '12:30:00', 0, 2),
(747, '2022-08-22', '12:30:00', 0, 1),
(748, '2022-08-22', '16:30:00', 0, 2),
(749, '2022-08-23', '12:30:00', 0, 1),
(750, '2022-08-23', '16:30:00', 0, 1),
(751, '2022-08-23', '10:30:00', 0, 2),
(752, '2022-08-23', '12:30:00', 0, 2),
(753, '2022-08-23', '08:30:00', 0, 2),
(754, '2022-08-24', '16:30:00', 0, 2),
(755, '2022-08-24', '12:30:00', 0, 2),
(756, '2022-08-24', '16:30:00', 0, 2),
(757, '2022-08-24', '10:30:00', 0, 1),
(758, '2022-08-24', '10:30:00', 0, 1),
(759, '2022-08-24', '12:30:00', 0, 2),
(760, '2022-08-24', '12:30:00', 0, 1),
(761, '2022-08-24', '16:30:00', 0, 1),
(762, '2022-08-24', '14:30:00', 0, 2),
(763, '2022-08-24', '14:30:00', 0, 2),
(764, '2022-08-24', '08:30:00', 0, 2),
(765, '2022-08-24', '14:30:00', 0, 1),
(766, '2022-08-24', '12:30:00', 0, 1),
(767, '2022-08-24', '16:30:00', 0, 2),
(768, '2022-08-24', '10:30:00', 0, 2),
(769, '2022-08-24', '16:30:00', 0, 1),
(770, '2022-08-24', '08:30:00', 0, 2),
(771, '2022-08-25', '16:30:00', 0, 2),
(772, '2022-08-25', '10:30:00', 0, 1),
(773, '2022-08-25', '16:30:00', 0, 2),
(774, '2022-08-25', '10:30:00', 0, 2),
(775, '2022-08-25', '08:30:00', 0, 1),
(776, '2022-08-25', '10:30:00', 0, 1),
(777, '2022-08-25', '12:30:00', 0, 1),
(778, '2022-08-26', '14:30:00', 0, 1),
(779, '2022-08-26', '16:30:00', 0, 1),
(780, '2022-08-26', '08:30:00', 0, 1),
(781, '2022-08-26', '16:30:00', 0, 1),
(782, '2022-08-26', '12:30:00', 0, 1),
(783, '2022-08-26', '16:30:00', 0, 1),
(784, '2022-08-26', '16:30:00', 0, 2),
(785, '2022-08-26', '14:30:00', 0, 2),
(786, '2022-08-26', '14:30:00', 0, 2),
(787, '2022-08-27', '12:30:00', 0, 1),
(788, '2022-08-27', '10:30:00', 0, 2),
(789, '2022-08-27', '08:30:00', 0, 2),
(790, '2022-08-27', '16:30:00', 0, 2),
(791, '2022-08-27', '14:30:00', 0, 2),
(792, '2022-08-27', '10:30:00', 0, 1),
(793, '2022-08-27', '08:30:00', 0, 2),
(794, '2022-08-27', '08:30:00', 0, 2),
(795, '2022-08-27', '10:30:00', 0, 2),
(796, '2022-08-27', '10:30:00', 0, 2),
(797, '2022-08-27', '14:30:00', 0, 2),
(798, '2022-08-27', '10:30:00', 0, 2),
(799, '2022-08-27', '08:30:00', 0, 1),
(800, '2022-08-28', '14:30:00', 0, 2),
(801, '2022-08-28', '16:30:00', 0, 1),
(802, '2022-08-28', '12:30:00', 0, 2),
(803, '2022-08-28', '14:30:00', 0, 2),
(804, '2022-08-28', '14:30:00', 0, 2),
(805, '2022-08-28', '10:30:00', 0, 1),
(806, '2022-08-28', '10:30:00', 0, 2),
(807, '2022-08-28', '16:30:00', 0, 2),
(808, '2022-08-28', '16:30:00', 0, 2),
(809, '2022-08-28', '10:30:00', 0, 1),
(810, '2022-08-29', '10:30:00', 0, 2),
(811, '2022-08-29', '16:30:00', 0, 2),
(812, '2022-08-29', '10:30:00', 0, 1),
(813, '2022-08-29', '16:30:00', 0, 1),
(814, '2022-08-29', '12:30:00', 0, 1),
(815, '2022-08-29', '12:30:00', 0, 1),
(816, '2022-08-29', '14:30:00', 0, 1),
(817, '2022-08-29', '12:30:00', 0, 1),
(818, '2022-08-29', '08:30:00', 0, 1),
(819, '2022-08-29', '12:30:00', 0, 2),
(820, '2022-08-29', '12:30:00', 0, 2),
(821, '2022-08-29', '12:30:00', 0, 2),
(822, '2022-08-29', '14:30:00', 0, 1),
(823, '2022-08-29', '14:30:00', 0, 2),
(824, '2022-08-29', '12:30:00', 0, 2),
(825, '2022-08-29', '08:30:00', 0, 1),
(826, '2022-08-30', '10:30:00', 0, 1),
(827, '2022-08-30', '16:30:00', 0, 2),
(828, '2022-08-30', '08:30:00', 0, 2),
(829, '2022-08-30', '12:30:00', 0, 2),
(830, '2022-08-30', '10:30:00', 0, 2),
(831, '2022-08-30', '14:30:00', 0, 1),
(832, '2022-08-30', '08:30:00', 0, 1),
(833, '2022-08-30', '14:30:00', 0, 1),
(834, '2022-08-31', '16:30:00', 0, 2),
(835, '2022-08-31', '08:30:00', 0, 1),
(836, '2022-08-31', '08:30:00', 0, 1),
(837, '2022-08-31', '14:30:00', 0, 1),
(838, '2022-08-31', '12:30:00', 0, 1),
(839, '2022-08-31', '10:30:00', 0, 2),
(840, '2022-08-31', '14:30:00', 0, 2),
(841, '2022-08-31', '10:30:00', 0, 1),
(842, '2022-08-31', '16:30:00', 0, 1),
(843, '2022-08-31', '10:30:00', 0, 2),
(844, '2022-08-31', '16:30:00', 0, 2),
(845, '2022-08-31', '10:30:00', 0, 1),
(846, '2022-09-01', '12:30:00', 0, 1),
(847, '2022-09-01', '14:30:00', 0, 1),
(848, '2022-09-01', '14:30:00', 0, 1),
(849, '2022-09-01', '16:30:00', 0, 2),
(850, '2022-09-01', '16:30:00', 0, 1),
(851, '2022-09-01', '08:30:00', 0, 2),
(852, '2022-09-01', '10:30:00', 0, 1),
(853, '2022-09-01', '12:30:00', 0, 1),
(854, '2022-09-01', '12:30:00', 0, 1),
(855, '2022-09-01', '10:30:00', 0, 2),
(856, '2022-09-01', '14:30:00', 0, 2),
(857, '2022-09-01', '12:30:00', 0, 2),
(858, '2022-09-01', '16:30:00', 0, 1),
(859, '2022-09-01', '14:30:00', 0, 1),
(860, '2022-09-01', '08:30:00', 0, 2),
(861, '2022-09-01', '10:30:00', 0, 1),
(862, '2022-09-02', '10:30:00', 0, 2),
(863, '2022-09-02', '10:30:00', 0, 2),
(864, '2022-09-02', '08:30:00', 0, 1),
(865, '2022-09-02', '08:30:00', 0, 1),
(866, '2022-09-02', '12:30:00', 0, 2),
(867, '2022-09-02', '08:30:00', 0, 1),
(868, '2022-09-02', '12:30:00', 0, 2),
(869, '2022-09-02', '12:30:00', 0, 2),
(870, '2022-09-02', '14:30:00', 0, 1),
(871, '2022-09-02', '08:30:00', 0, 2),
(872, '2022-09-02', '10:30:00', 0, 1),
(873, '2022-09-02', '08:30:00', 0, 1),
(874, '2022-09-02', '08:30:00', 0, 1),
(875, '2022-09-02', '08:30:00', 0, 1),
(876, '2022-09-02', '08:30:00', 0, 1),
(877, '2022-09-02', '16:30:00', 0, 2),
(878, '2022-09-02', '16:30:00', 0, 2),
(879, '2022-09-02', '12:30:00', 0, 2),
(880, '2022-09-02', '16:30:00', 0, 2),
(881, '2022-09-02', '16:30:00', 0, 1),
(882, '2022-09-02', '12:30:00', 0, 2),
(883, '2022-09-02', '16:30:00', 0, 1),
(884, '2022-09-02', '12:30:00', 0, 1),
(885, '2022-09-02', '16:30:00', 0, 1),
(886, '2022-09-02', '08:30:00', 0, 1),
(887, '2022-09-02', '12:30:00', 0, 1),
(888, '2022-09-02', '14:30:00', 0, 2),
(889, '2022-09-03', '08:30:00', 0, 1),
(890, '2022-09-03', '08:30:00', 0, 1),
(891, '2022-09-03', '10:30:00', 0, 1),
(892, '2022-09-03', '12:30:00', 0, 1),
(893, '2022-09-03', '08:30:00', 0, 1),
(894, '2022-09-03', '12:30:00', 0, 2),
(895, '2022-09-03', '16:30:00', 0, 1),
(896, '2022-09-03', '14:30:00', 0, 1),
(897, '2022-09-03', '08:30:00', 0, 2),
(898, '2022-09-03', '08:30:00', 0, 2),
(899, '2022-09-03', '14:30:00', 0, 1),
(900, '2022-09-03', '16:30:00', 0, 2),
(901, '2022-09-03', '10:30:00', 0, 2),
(902, '2022-09-03', '08:30:00', 0, 1),
(903, '2022-09-03', '08:30:00', 0, 2),
(904, '2022-09-03', '12:30:00', 0, 1),
(905, '2022-09-03', '14:30:00', 0, 2),
(906, '2022-09-03', '14:30:00', 0, 1),
(907, '2022-09-04', '10:30:00', 0, 1),
(908, '2022-09-04', '16:30:00', 0, 1),
(909, '2022-09-04', '14:30:00', 0, 1),
(910, '2022-09-04', '10:30:00', 0, 1),
(911, '2022-09-04', '12:30:00', 0, 1),
(912, '2022-09-04', '10:30:00', 0, 1),
(913, '2022-09-04', '12:30:00', 0, 2),
(914, '2022-09-04', '12:30:00', 0, 2),
(915, '2022-09-04', '12:30:00', 0, 1),
(916, '2022-09-04', '08:30:00', 0, 1),
(917, '2022-09-04', '10:30:00', 0, 2),
(918, '2022-09-04', '14:30:00', 0, 2),
(919, '2022-09-04', '12:30:00', 0, 1),
(920, '2022-09-04', '08:30:00', 0, 1),
(921, '2022-09-04', '08:30:00', 0, 2),
(922, '2022-09-05', '16:30:00', 0, 1),
(923, '2022-09-05', '10:30:00', 0, 1),
(924, '2022-09-05', '14:30:00', 0, 2),
(925, '2022-09-05', '16:30:00', 0, 2),
(926, '2022-09-05', '10:30:00', 0, 2),
(927, '2022-09-05', '16:30:00', 0, 2),
(928, '2022-09-05', '12:30:00', 0, 1),
(929, '2022-09-05', '16:30:00', 0, 2),
(930, '2022-09-05', '14:30:00', 0, 1),
(931, '2022-09-05', '16:30:00', 0, 2),
(932, '2022-09-05', '14:30:00', 0, 2),
(933, '2022-09-05', '12:30:00', 0, 2),
(934, '2022-09-05', '10:30:00', 0, 2),
(935, '2022-09-05', '08:30:00', 0, 2),
(936, '2022-09-05', '16:30:00', 0, 1),
(937, '2022-09-06', '10:30:00', 0, 1),
(938, '2022-09-06', '08:30:00', 0, 2),
(939, '2022-09-06', '08:30:00', 0, 2),
(940, '2022-09-06', '16:30:00', 0, 2),
(941, '2022-09-06', '10:30:00', 0, 2),
(942, '2022-09-06', '10:30:00', 0, 2),
(943, '2022-09-06', '16:30:00', 0, 1),
(944, '2022-09-06', '14:30:00', 0, 1),
(945, '2022-09-06', '12:30:00', 0, 1),
(946, '2022-09-06', '10:30:00', 0, 2),
(947, '2022-09-06', '10:30:00', 0, 1),
(948, '2022-09-06', '10:30:00', 0, 1),
(949, '2022-09-07', '16:30:00', 0, 2),
(950, '2022-09-07', '10:30:00', 0, 2),
(951, '2022-09-07', '10:30:00', 0, 2),
(952, '2022-09-07', '10:30:00', 0, 1),
(953, '2022-09-07', '10:30:00', 0, 2),
(954, '2022-09-07', '08:30:00', 0, 2),
(955, '2022-09-07', '14:30:00', 0, 2),
(956, '2022-09-07', '14:30:00', 0, 1),
(957, '2022-09-07', '12:30:00', 0, 1),
(958, '2022-09-07', '14:30:00', 0, 1),
(959, '2022-09-07', '10:30:00', 0, 1),
(960, '2022-09-07', '12:30:00', 0, 2),
(961, '2022-09-07', '12:30:00', 0, 2),
(962, '2022-09-07', '12:30:00', 0, 2),
(963, '2022-09-07', '12:30:00', 0, 2),
(964, '2022-09-07', '14:30:00', 0, 1),
(965, '2022-09-07', '10:30:00', 0, 1),
(966, '2022-09-07', '14:30:00', 0, 2),
(967, '2022-09-07', '08:30:00', 0, 2),
(968, '2022-09-07', '10:30:00', 0, 1),
(969, '2022-09-08', '14:30:00', 0, 1),
(970, '2022-09-08', '10:30:00', 0, 1),
(971, '2022-09-08', '12:30:00', 0, 1),
(972, '2022-09-08', '14:30:00', 0, 1),
(973, '2022-09-08', '16:30:00', 0, 1),
(974, '2022-09-08', '12:30:00', 0, 1),
(975, '2022-09-08', '08:30:00', 0, 2),
(976, '2022-09-08', '14:30:00', 0, 1),
(977, '2022-09-08', '08:30:00', 0, 1),
(978, '2022-09-08', '14:30:00', 0, 1),
(979, '2022-09-08', '10:30:00', 0, 2),
(980, '2022-09-08', '12:30:00', 0, 1),
(981, '2022-09-08', '16:30:00', 0, 2),
(982, '2022-09-08', '14:30:00', 0, 2),
(983, '2022-09-09', '12:30:00', 0, 2),
(984, '2022-09-09', '14:30:00', 0, 2),
(985, '2022-09-09', '16:30:00', 0, 1),
(986, '2022-09-09', '08:30:00', 0, 2),
(987, '2022-09-09', '14:30:00', 0, 1),
(988, '2022-09-09', '14:30:00', 0, 2),
(989, '2022-09-09', '14:30:00', 0, 1),
(990, '2022-09-09', '10:30:00', 0, 2),
(991, '2022-09-09', '16:30:00', 0, 2),
(992, '2022-09-09', '16:30:00', 0, 2),
(993, '2022-09-09', '16:30:00', 0, 1),
(994, '2022-09-09', '08:30:00', 0, 2),
(995, '2022-09-09', '10:30:00', 0, 1),
(996, '2022-09-09', '16:30:00', 0, 2),
(997, '2022-09-09', '08:30:00', 0, 1),
(998, '2022-09-09', '12:30:00', 0, 1),
(999, '2022-09-09', '14:30:00', 0, 1),
(1000, '2022-09-09', '16:30:00', 0, 2),
(1001, '2022-09-10', '12:30:00', 0, 2),
(1002, '2022-09-10', '08:30:00', 0, 1),
(1003, '2022-09-10', '08:30:00', 0, 2),
(1004, '2022-09-10', '14:30:00', 0, 1),
(1006, '2022-10-04', '19:25:06', 0, 3),
(1007, '2022-10-04', '22:50:00', 0, 3),
(1008, '2022-10-04', '22:50:02', 0, 3),
(1010, '2022-10-16', '12:02:44', 100, 7),
(1018, '2022-10-23', '20:10:32', 100, 7),
(1019, '2022-10-23', '02:09:13', 100, 7),
(1020, '2022-10-23', '02:09:19', 200, 7),
(1021, '2022-10-23', '02:09:22', 250, 7),
(1022, '2022-10-23', '02:09:25', 20, 7),
(1023, '2022-10-23', '02:09:27', 50, 7),
(1024, '2022-10-23', '16:14:45', 20, 7),
(1026, '2022-10-23', '17:17:53', 20, 7),
(1027, '2022-10-27', '10:57:31', 120, 7);

--
-- Indexes for dumped tables
--

--
-- Indexes for table `farmer`
--
ALTER TABLE `farmer`
  ADD PRIMARY KEY (`farmer_ID`);

--
-- Indexes for table `fertilize`
--
ALTER TABLE `fertilize`
  ADD PRIMARY KEY (`fert_ID`);

--
-- Indexes for table `fertilizing`
--
ALTER TABLE `fertilizing`
  ADD PRIMARY KEY (`ferting_ID`);

--
-- Indexes for table `greenhouse`
--
ALTER TABLE `greenhouse`
  ADD PRIMARY KEY (`greenhouse_ID`);

--
-- Indexes for table `historyperiod`
--
ALTER TABLE `historyperiod`
  ADD PRIMARY KEY (`period_ID`);

--
-- Indexes for table `humid`
--
ALTER TABLE `humid`
  ADD PRIMARY KEY (`humid_ID`);

--
-- Indexes for table `intense`
--
ALTER TABLE `intense`
  ADD PRIMARY KEY (`intense_ID`);

--
-- Indexes for table `membership`
--
ALTER TABLE `membership`
  ADD PRIMARY KEY (`id_membership`);

--
-- Indexes for table `note`
--
ALTER TABLE `note`
  ADD PRIMARY KEY (`note_ID`);

--
-- Indexes for table `period`
--
ALTER TABLE `period`
  ADD PRIMARY KEY (`period_ID`);

--
-- Indexes for table `temperature`
--
ALTER TABLE `temperature`
  ADD PRIMARY KEY (`temp_ID`);

--
-- Indexes for table `watering`
--
ALTER TABLE `watering`
  ADD PRIMARY KEY (`water_ID`);

--
-- AUTO_INCREMENT for dumped tables
--

--
-- AUTO_INCREMENT for table `farmer`
--
ALTER TABLE `farmer`
  MODIFY `farmer_ID` int(11) NOT NULL AUTO_INCREMENT, AUTO_INCREMENT=19;

--
-- AUTO_INCREMENT for table `fertilize`
--
ALTER TABLE `fertilize`
  MODIFY `fert_ID` int(11) NOT NULL AUTO_INCREMENT, AUTO_INCREMENT=6;

--
-- AUTO_INCREMENT for table `fertilizing`
--
ALTER TABLE `fertilizing`
  MODIFY `ferting_ID` int(11) NOT NULL AUTO_INCREMENT, AUTO_INCREMENT=956;

--
-- AUTO_INCREMENT for table `greenhouse`
--
ALTER TABLE `greenhouse`
  MODIFY `greenhouse_ID` int(11) NOT NULL AUTO_INCREMENT, AUTO_INCREMENT=4;

--
-- AUTO_INCREMENT for table `historyperiod`
--
ALTER TABLE `historyperiod`
  MODIFY `period_ID` int(11) NOT NULL AUTO_INCREMENT, AUTO_INCREMENT=9;

--
-- AUTO_INCREMENT for table `humid`
--
ALTER TABLE `humid`
  MODIFY `humid_ID` int(11) NOT NULL AUTO_INCREMENT, AUTO_INCREMENT=8;

--
-- AUTO_INCREMENT for table `intense`
--
ALTER TABLE `intense`
  MODIFY `intense_ID` int(11) NOT NULL AUTO_INCREMENT, AUTO_INCREMENT=4;

--
-- AUTO_INCREMENT for table `membership`
--
ALTER TABLE `membership`
  MODIFY `id_membership` int(11) NOT NULL AUTO_INCREMENT;

--
-- AUTO_INCREMENT for table `note`
--
ALTER TABLE `note`
  MODIFY `note_ID` int(11) NOT NULL AUTO_INCREMENT, AUTO_INCREMENT=6;

--
-- AUTO_INCREMENT for table `period`
--
ALTER TABLE `period`
  MODIFY `period_ID` int(11) NOT NULL AUTO_INCREMENT, AUTO_INCREMENT=9;

--
-- AUTO_INCREMENT for table `temperature`
--
ALTER TABLE `temperature`
  MODIFY `temp_ID` int(11) NOT NULL AUTO_INCREMENT, AUTO_INCREMENT=3;

--
-- AUTO_INCREMENT for table `watering`
--
ALTER TABLE `watering`
  MODIFY `water_ID` int(11) NOT NULL AUTO_INCREMENT, AUTO_INCREMENT=1028;
COMMIT;

/*!40101 SET CHARACTER_SET_CLIENT=@OLD_CHARACTER_SET_CLIENT */;
/*!40101 SET CHARACTER_SET_RESULTS=@OLD_CHARACTER_SET_RESULTS */;
/*!40101 SET COLLATION_CONNECTION=@OLD_COLLATION_CONNECTION */;
